ENGINE_RUN_TINE (),ENGINE_RPM (),VEHICLE_SPEED (),THROTTLE (),ENGINE_LOAD (),COOLANT_TEMPERATURE (),INTAKE_MANIFOLD_PRESSURE (),SHORT_TERM_FUEL_TRIM_BANK_1 (),LONG_TERM_FUEL_TRIM_BANK_1 (),drive_id
0.0,0.0,0.0,89.0,0.88,17.0,98.0,14.1,14.5,2017-07-14_Seat_Leon_KA_KA_Frei.csv
1.0,0.0,0.0,89.0,0.88,17.0,98.0,14.1,14.5,2017-07-14_Seat_Leon_KA_KA_Frei.csv
2.0,87.72727272727273,0.0,88.60909090909091,2.6381818181818186,17.0,98.0,14.1,14.5,2017-07-14_Seat_Leon_KA_KA_Frei.csv
3.0,626.6363636363636,0.0,84.4090909090909,10.566363636363636,17.0,96.72727272727273,14.1,14.5,2017-07-14_Seat_Leon_KA_KA_Frei.csv
4.0,939.0,0.0,83.1,10.304545454545455,17.0,96.72727272727273,14.1,14.5,2017-07-14_Seat_Leon_KA_KA_Frei.csv
5.0,895.25,0.0,83.1,9.785,17.0,97.0,14.1,14.5,2017-07-14_Seat_Leon_KA_KA_Frei.csv
6.0,871.8181818181819,0.0,83.1,9.870000000000001,17.0,97.0,14.1,14.5,2017-07-14_Seat_Leon_KA_KA_Frei.csv
7.0,856.1818181818181,0.0,83.1,9.99,17.0,97.0,14.1,14.5,2017-07-14_Seat_Leon_KA_KA_Frei.csv
8.0,873.8181818181819,0.0,83.1,10.952727272727273,17.0,97.0,14.536363636363637,14.5,2017-07-14_Seat_Leon_KA_KA_Frei.csv
9.0,942.2727272727273,0.0,83.1,11.087272727272728,17.0,97.36363636363636,14.9,14.5,2017-07-14_Seat_Leon_KA_KA_Frei.csv
10.0,939.7272727272727,0.2727272727272727,83.1,11.360000000000001,17.0,98.45454545454545,14.9,14.754545454545456,2017-07-14_Seat_Leon_KA_KA_Frei.csv
11.0,935.2727272727273,1.3636363636363635,83.1,11.307272727272727,17.0,99.0,15.227272727272727,14.9,2017-07-14_Seat_Leon_KA_KA_Frei.csv
12.0,917.2727272727273,2.4545454545454546,83.1,12.068181818181818,17.0,99.0,14.20909090909091,14.572727272727274,2017-07-14_Seat_Leon_KA_KA_Frei.csv
13.0,965.9090909090909,2.4545454545454546,83.1,11.886363636363637,17.0,99.72727272727273,14.172727272727274,14.5,2017-07-14_Seat_Leon_KA_KA_Frei.csv
14.0,938.0,2.0,83.1,11.245,17.0,100.0,14.9,14.5,2017-07-14_Seat_Leon_KA_KA_Frei.csv
15.0,919.0,2.0,83.1,11.558181818181819,17.0,100.0,14.754545454545456,14.5,2017-07-14_Seat_Leon_KA_KA_Frei.csv
16.0,917.5454545454545,2.0,83.1,12.045454545454545,17.0,100.18181818181819,14.318181818181818,14.5,2017-07-14_Seat_Leon_KA_KA_Frei.csv
17.0,983.5454545454545,1.9090909090909092,83.1,11.576363636363636,17.0,101.0,14.1,14.5,2017-07-14_Seat_Leon_KA_KA_Frei.csv
18.0,1013.4,0.9,83.1,11.764,17.0,101.0,14.1,14.5,2017-07-14_Seat_Leon_KA_KA_Frei.csv
19.0,927.0,0.0,83.1,10.72,17.0,100.58333333333333,14.1,14.266666666666666,2017-07-14_Seat_Leon_KA_KA_Frei.csv
20.0,890.5,0.0,83.1,10.2125,17.0,100.0,14.1,14.4,2017-07-14_Seat_Leon_KA_KA_Frei.csv
21.0,878.3636363636364,0.0,83.1,10.17,17.0,100.0,14.1,14.5,2017-07-14_Seat_Leon_KA_KA_Frei.csv
22.0,882.25,0.0,83.1,10.13,17.0,99.16666666666667,14.200000000000001,14.5,2017-07-14_Seat_Leon_KA_KA_Frei.csv
23.0,909.1666666666666,0.0,83.1,10.833333333333334,17.0,99.16666666666667,14.833333333333334,14.766666666666666,2017-07-14_Seat_Leon_KA_KA_Frei.csv
24.0,942.0,0.16666666666666666,83.1,10.965000000000002,17.0,100.0,15.066666666666668,14.9,2017-07-14_Seat_Leon_KA_KA_Frei.csv
25.0,972.2727272727273,0.7272727272727273,83.1,11.649090909090908,17.0,100.0,14.318181818181818,14.5,2017-07-14_Seat_Leon_KA_KA_Frei.csv
26.0,911.0,0.0,83.43333333333334,10.299999999999999,17.0,100.0,14.1,14.5,2017-07-14_Seat_Leon_KA_KA_Frei.csv
27.0,910.1818181818181,0.0,83.1,10.407272727272728,17.0,100.0,14.572727272727274,14.5,2017-07-14_Seat_Leon_KA_KA_Frei.csv
28.0,897.0909090909091,0.0,83.1,11.57090909090909,17.0,100.0,15.3,15.263636363636364,2017-07-14_Seat_Leon_KA_KA_Frei.csv
29.0,907.0,0.0,83.1,12.151666666666666,17.0,100.08333333333333,15.033333333333333,14.799999999999999,2017-07-14_Seat_Leon_KA_KA_Frei.csv
30.0,973.0909090909091,0.0,83.35454545454546,11.872727272727273,17.0,101.18181818181819,14.681818181818182,14.5,2017-07-14_Seat_Leon_KA_KA_Frei.csv
31.0,920.7272727272727,0.18181818181818182,83.2090909090909,12.18909090909091,17.0,102.0,14.9,14.5,2017-07-14_Seat_Leon_KA_KA_Frei.csv
32.0,909.0,2.5,83.1,12.465000000000002,17.0,102.0,14.9,14.5,2017-07-14_Seat_Leon_KA_KA_Frei.csv
33.0,906.3636363636364,5.090909090909091,83.1,12.887272727272727,17.0,102.0,14.9,14.5,2017-07-14_Seat_Leon_KA_KA_Frei.csv
34.0,965.2727272727273,7.909090909090909,83.1,13.953636363636365,17.0,102.63636363636364,14.9,14.827272727272726,2017-07-14_Seat_Leon_KA_KA_Frei.csv
35.0,1119.090909090909,9.545454545454545,83.2090909090909,14.128181818181817,17.0,102.27272727272727,23.172727272727272,22.354545454545455,2017-07-14_Seat_Leon_KA_KA_Frei.csv
36.0,1259.8181818181818,10.636363636363637,83.35454545454546,16.200909090909093,17.0,100.36363636363636,24.40909090909091,24.190909090909088,2017-07-14_Seat_Leon_KA_KA_Frei.csv
37.0,1343.6666666666667,11.75,83.1,17.034166666666668,17.0,100.08333333333333,26.833333333333332,27.100000000000005,2017-07-14_Seat_Leon_KA_KA_Frei.csv
38.0,1392.8181818181818,12.0,83.1,17.34363636363636,17.0,101.0,27.281818181818185,27.245454545454546,2017-07-14_Seat_Leon_KA_KA_Frei.csv
39.0,1428.75,12.166666666666666,83.1,17.696666666666665,17.0,101.33333333333333,27.266666666666666,27.5,2017-07-14_Seat_Leon_KA_KA_Frei.csv
40.0,1457.8333333333333,13.0,83.1,17.689999999999998,17.0,102.0,27.400000000000002,27.5,2017-07-14_Seat_Leon_KA_KA_Frei.csv
41.0,1481.8181818181818,13.0,83.1,18.189090909090908,17.0,102.0,27.5,28.072727272727274,2017-07-14_Seat_Leon_KA_KA_Frei.csv
42.0,1291.0,11.25,83.1,15.707499999999998,17.0,101.25,14.1,15.641666666666666,2017-07-14_Seat_Leon_KA_KA_Frei.csv
43.0,1043.3846153846155,4.615384615384615,83.1,11.409999999999998,17.0,102.84615384615384,14.099999999999998,14.5,2017-07-14_Seat_Leon_KA_KA_Frei.csv
44.0,905.3846153846154,0.0,83.1,10.696923076923078,17.0,102.61538461538461,17.23846153846154,16.815384615384616,2017-07-14_Seat_Leon_KA_KA_Frei.csv
45.0,913.5,0.4166666666666667,83.1,11.8575,17.0,102.0,19.2,18.8,2017-07-14_Seat_Leon_KA_KA_Frei.csv
46.0,929.4285714285714,1.6428571428571428,83.1,11.540000000000001,17.0,102.0,18.8,18.428571428571427,2017-07-14_Seat_Leon_KA_KA_Frei.csv
47.0,927.6153846153846,2.923076923076923,83.1,11.362307692307693,17.0,102.0,18.36923076923077,17.892307692307693,2017-07-14_Seat_Leon_KA_KA_Frei.csv
48.0,951.3333333333334,3.0,83.1,11.858333333333334,17.0,102.0,15.075000000000001,15.433333333333332,2017-07-14_Seat_Leon_KA_KA_Frei.csv
49.0,968.0,2.4285714285714284,83.1,11.274285714285714,17.0,102.0,14.1,14.5,2017-07-14_Seat_Leon_KA_KA_Frei.csv
50.0,962.8333333333334,2.0,83.1,11.5,17.0,102.0,14.1,14.5,2017-07-14_Seat_Leon_KA_KA_Frei.csv
51.0,981.9230769230769,1.5384615384615385,83.1,11.32,17.0,102.0,14.099999999999998,14.5,2017-07-14_Seat_Leon_KA_KA_Frei.csv
52.0,928.1428571428571,0.0,83.1,10.450000000000001,17.0,101.35714285714286,14.671428571428573,14.785714285714286,2017-07-14_Seat_Leon_KA_KA_Frei.csv
53.0,956.3076923076923,0.0,83.1,10.959999999999999,17.0,101.0,14.099999999999998,14.5,2017-07-14_Seat_Leon_KA_KA_Frei.csv
54.0,951.0769230769231,0.0,83.1,11.110000000000001,17.0,101.0,14.099999999999998,14.5,2017-07-14_Seat_Leon_KA_KA_Frei.csv
55.0,948.4285714285714,0.0,83.5,10.938571428571427,17.0,101.0,14.214285714285714,14.5,2017-07-14_Seat_Leon_KA_KA_Frei.csv
56.0,935.3076923076923,0.0,83.28461538461539,10.925384615384615,17.0,101.0,14.592307692307692,14.5,2017-07-14_Seat_Leon_KA_KA_Frei.csv
57.0,952.0769230769231,0.0,83.1,11.141538461538461,17.0,101.0,14.099999999999998,14.5,2017-07-14_Seat_Leon_KA_KA_Frei.csv
58.0,942.0,0.0,83.21428571428571,10.891428571428571,17.0,101.0,14.214285714285714,14.528571428571428,2017-07-14_Seat_Leon_KA_KA_Frei.csv
59.0,919.3333333333334,0.75,83.3,10.8525,17.0,101.0,14.9,14.799999999999999,2017-07-14_Seat_Leon_KA_KA_Frei.csv
60.0,921.6923076923077,2.076923076923077,83.1,11.013076923076921,17.0,101.0,14.900000000000002,14.5,2017-07-14_Seat_Leon_KA_KA_Frei.csv
61.0,892.3076923076923,4.153846153846154,83.1,11.643846153846154,17.0,101.53846153846153,14.900000000000002,14.5,2017-07-14_Seat_Leon_KA_KA_Frei.csv
62.0,1050.4615384615386,7.846153846153846,83.1,16.41923076923077,17.0,102.0,21.115384615384617,21.361538461538462,2017-07-14_Seat_Leon_KA_KA_Frei.csv
63.0,1560.923076923077,13.384615384615385,83.1,25.24923076923077,17.0,113.0,37.56153846153846,38.215384615384615,2017-07-14_Seat_Leon_KA_KA_Frei.csv
64.0,1715.6666666666667,16.25,83.1,26.5775,17.0,116.75,27.066666666666663,24.791666666666668,2017-07-14_Seat_Leon_KA_KA_Frei.csv
65.0,1384.142857142857,16.5,83.1,14.125714285714285,17.0,108.0,20.099999999999998,22.071428571428573,2017-07-14_Seat_Leon_KA_KA_Frei.csv
66.0,1064.923076923077,16.76923076923077,83.1,13.846923076923076,17.0,103.38461538461539,19.884615384615383,14.5,2017-07-14_Seat_Leon_KA_KA_Frei.csv
67.0,965.0,15.833333333333334,83.1,10.878333333333336,17.0,102.66666666666667,14.1,14.5,2017-07-14_Seat_Leon_KA_KA_Frei.csv
68.0,945.5,14.571428571428571,83.1,10.672857142857142,17.0,102.0,14.1,14.5,2017-07-14_Seat_Leon_KA_KA_Frei.csv
69.0,938.6923076923077,11.923076923076923,83.1,10.721538461538461,17.0,101.92307692307692,14.099999999999998,14.192307692307692,2017-07-14_Seat_Leon_KA_KA_Frei.csv
70.0,936.7692307692307,7.923076923076923,83.1,10.715384615384616,17.0,101.0,14.099999999999998,14.5,2017-07-14_Seat_Leon_KA_KA_Frei.csv
71.0,935.5,5.571428571428571,83.38571428571429,10.527142857142858,17.0,101.0,14.1,14.5,2017-07-14_Seat_Leon_KA_KA_Frei.csv
72.0,935.7692307692307,5.6923076923076925,83.1,10.572307692307692,17.0,101.0,14.099999999999998,14.5,2017-07-14_Seat_Leon_KA_KA_Frei.csv
73.0,934.0,5.846153846153846,83.1,10.467692307692309,17.0,101.0,14.099999999999998,14.5,2017-07-14_Seat_Leon_KA_KA_Frei.csv
74.0,932.5,5.857142857142857,83.18571428571428,10.448571428571428,17.0,101.0,14.1,14.5,2017-07-14_Seat_Leon_KA_KA_Frei.csv
75.0,934.8461538461538,8.384615384615385,83.3153846153846,10.513076923076925,17.0,101.0,14.099999999999998,14.5,2017-07-14_Seat_Leon_KA_KA_Frei.csv
76.0,918.9230769230769,12.076923076923077,83.1,10.503846153846155,17.0,101.0,14.099999999999998,14.5,2017-07-14_Seat_Leon_KA_KA_Frei.csv
77.0,941.5,15.714285714285714,83.1,11.581428571428573,17.0,101.0,14.1,14.5,2017-07-14_Seat_Leon_KA_KA_Frei.csv
78.0,1065.6153846153845,18.0,83.1,11.784615384615384,17.0,101.0,16.284615384615385,15.953846153846154,2017-07-14_Seat_Leon_KA_KA_Frei.csv
79.0,1149.3076923076924,19.076923076923077,83.1,12.804615384615385,17.0,101.3076923076923,20.984615384615385,20.615384615384617,2017-07-14_Seat_Leon_KA_KA_Frei.csv
80.0,1223.3076923076924,20.384615384615383,83.1,13.958461538461538,17.0,102.53846153846153,20.184615384615384,20.123076923076926,2017-07-14_Seat_Leon_KA_KA_Frei.csv
81.0,1287.923076923077,21.615384615384617,83.1,14.436923076923078,17.0,103.0,19.907692307692308,19.630769230769232,2017-07-14_Seat_Leon_KA_KA_Frei.csv
82.0,1340.0,22.833333333333332,83.1,15.15,16.5,103.16666666666667,17.308333333333334,17.900000000000002,2017-07-14_Seat_Leon_KA_KA_Frei.csv
83.0,1366.642857142857,23.285714285714285,79.37857142857142,16.267142857142858,16.0,104.0,14.1,14.5,2017-07-14_Seat_Leon_KA_KA_Frei.csv
84.0,1379.076923076923,24.0,46.815384615384616,19.65923076923077,16.0,92.92307692307692,14.099999999999998,14.5,2017-07-14_Seat_Leon_KA_KA_Frei.csv
85.0,1331.3846153846155,23.23076923076923,82.9923076923077,15.197692307692307,16.0,98.61538461538461,14.099999999999998,14.5,2017-07-14_Seat_Leon_KA_KA_Frei.csv
86.0,1246.0,21.833333333333332,83.5,13.765,16.0,102.33333333333333,14.1,14.5,2017-07-14_Seat_Leon_KA_KA_Frei.csv
87.0,1102.9,20.6,83.5,9.13,16.0,102.6,14.1,14.5,2017-07-14_Seat_Leon_KA_KA_Frei.csv
88.0,911.9090909090909,17.636363636363637,83.5,10.412727272727274,16.0,101.54545454545455,14.1,14.5,2017-07-14_Seat_Leon_KA_KA_Frei.csv
89.0,920.6363636363636,12.545454545454545,83.5,10.474545454545455,16.0,101.0,14.1,14.5,2017-07-14_Seat_Leon_KA_KA_Frei.csv
90.0,925.5454545454545,8.181818181818182,83.5,10.531818181818183,16.0,101.0,14.1,14.5,2017-07-14_Seat_Leon_KA_KA_Frei.csv
91.0,945.7272727272727,6.545454545454546,83.5,11.393636363636363,16.0,101.0,15.427272727272726,15.590909090909092,2017-07-14_Seat_Leon_KA_KA_Frei.csv
92.0,1092.0,9.0,83.5,14.174999999999999,16.0,99.33333333333333,27.75,28.25,2017-07-14_Seat_Leon_KA_KA_Frei.csv
93.0,1526.090909090909,13.272727272727273,83.5,20.596363636363638,16.0,101.45454545454545,28.60909090909091,31.59090909090909,2017-07-14_Seat_Leon_KA_KA_Frei.csv
94.0,952.7272727272727,14.909090909090908,81.01818181818182,19.094545454545454,16.0,97.0909090909091,23.19090909090909,22.354545454545455,2017-07-14_Seat_Leon_KA_KA_Frei.csv
95.0,1086.1818181818182,17.363636363636363,82.43636363636364,18.737272727272728,16.0,103.9090909090909,35.190909090909095,35.91818181818182,2017-07-14_Seat_Leon_KA_KA_Frei.csv
96.0,1278.1818181818182,21.363636363636363,83.5,15.813636363636363,16.0,107.18181818181819,33.36363636363637,33.13636363636363,2017-07-14_Seat_Leon_KA_KA_Frei.csv
97.0,1374.6,23.2,83.5,15.49,16.0,102.0,29.28,29.32,2017-07-14_Seat_Leon_KA_KA_Frei.csv
98.0,1427.090909090909,24.272727272727273,83.5,15.347272727272726,16.0,98.0909090909091,26.236363636363638,25.718181818181815,2017-07-14_Seat_Leon_KA_KA_Frei.csv
99.0,1432.090909090909,24.636363636363637,83.5,14.945454545454545,16.0,96.45454545454545,24.518181818181816,24.009090909090904,2017-07-14_Seat_Leon_KA_KA_Frei.csv
100.0,1408.6363636363637,24.0,83.5,14.601818181818182,16.0,96.0,24.3,24.227272727272727,2017-07-14_Seat_Leon_KA_KA_Frei.csv
101.0,1410.6666666666667,24.0,83.5,14.717500000000001,16.0,96.0,24.3,24.333333333333332,2017-07-14_Seat_Leon_KA_KA_Frei.csv
102.0,1387.2,23.3,83.5,14.55,16.0,96.0,24.380000000000003,24.7,2017-07-14_Seat_Leon_KA_KA_Frei.csv
103.0,1338.2727272727273,22.272727272727273,83.5,13.857272727272727,16.0,96.0,24.7,24.627272727272725,2017-07-14_Seat_Leon_KA_KA_Frei.csv
104.0,1294.4545454545455,22.0,83.5,13.44,16.0,96.0,24.7,24.40909090909091,2017-07-14_Seat_Leon_KA_KA_Frei.csv
105.0,1285.1818181818182,22.0,83.5,13.192727272727273,16.0,96.0,24.7,24.55454545454546,2017-07-14_Seat_Leon_KA_KA_Frei.csv
106.0,1256.8181818181818,21.0,83.5,12.974545454545455,16.0,96.0,24.7,24.481818181818184,2017-07-14_Seat_Leon_KA_KA_Frei.csv
107.0,1254.6363636363637,21.0,83.5,13.04,16.0,96.0,24.7,24.7,2017-07-14_Seat_Leon_KA_KA_Frei.csv
108.0,1250.2727272727273,21.0,83.5,12.97,16.0,96.0,24.7,24.44545454545454,2017-07-14_Seat_Leon_KA_KA_Frei.csv
109.0,1245.8181818181818,21.0,83.5,12.97,16.0,96.0,24.372727272727275,24.3,2017-07-14_Seat_Leon_KA_KA_Frei.csv
110.0,1243.090909090909,21.0,83.5,12.961818181818183,16.0,96.0,24.3,24.3,2017-07-14_Seat_Leon_KA_KA_Frei.csv
111.0,1245.2727272727273,21.0,83.5,12.94,16.0,96.0,24.3,23.936363636363637,2017-07-14_Seat_Leon_KA_KA_Frei.csv
112.0,1254.4,21.0,83.5,13.016,16.0,96.0,24.3,23.9,2017-07-14_Seat_Leon_KA_KA_Frei.csv
113.0,1265.2727272727273,21.0,83.5,13.207272727272727,16.0,96.0,24.3,23.9,2017-07-14_Seat_Leon_KA_KA_Frei.csv
114.0,1268.0,21.727272727272727,83.5,13.256363636363636,16.0,96.0,24.3,23.972727272727273,2017-07-14_Seat_Leon_KA_KA_Frei.csv
115.0,1285.2727272727273,22.0,83.5,13.200909090909091,16.0,95.0,24.59090909090909,24.40909090909091,2017-07-14_Seat_Leon_KA_KA_Frei.csv
116.0,1289.5,22.0,83.5,13.4375,16.0,95.0,25.3,25.03333333333333,2017-07-14_Seat_Leon_KA_KA_Frei.csv
117.0,1303.4,22.1,83.5,13.619,16.0,95.0,25.74,25.9,2017-07-14_Seat_Leon_KA_KA_Frei.csv
118.0,1333.6363636363637,23.0,83.5,13.93909090909091,16.0,95.0,25.645454545454548,25.863636363636363,2017-07-14_Seat_Leon_KA_KA_Frei.csv
119.0,1355.090909090909,23.0,83.5,14.22,16.0,95.0,25.5,25.245454545454546,2017-07-14_Seat_Leon_KA_KA_Frei.csv
120.0,1331.909090909091,23.363636363636363,83.5,13.105454545454545,16.0,95.0,23.53636363636364,22.845454545454547,2017-07-14_Seat_Leon_KA_KA_Frei.csv
121.0,1100.6363636363637,24.454545454545453,83.5,9.287272727272727,16.0,96.9090909090909,14.918181818181818,15.863636363636363,2017-07-14_Seat_Leon_KA_KA_Frei.csv
122.0,966.0909090909091,25.545454545454547,83.5,10.261818181818182,16.0,98.72727272727273,14.1,14.5,2017-07-14_Seat_Leon_KA_KA_Frei.csv
123.0,995.9090909090909,26.636363636363637,83.5,10.593636363636364,16.0,99.0,14.1,14.5,2017-07-14_Seat_Leon_KA_KA_Frei.csv
124.0,1005.4545454545455,27.0,83.5,10.713636363636363,16.0,99.9090909090909,14.1,14.5,2017-07-14_Seat_Leon_KA_KA_Frei.csv
125.0,1031.4545454545455,27.818181818181817,83.5,10.997272727272728,16.0,100.0,14.1,14.5,2017-07-14_Seat_Leon_KA_KA_Frei.csv
126.0,1056.4545454545455,28.0,83.5,11.146363636363636,16.0,100.0,14.1,14.5,2017-07-14_Seat_Leon_KA_KA_Frei.csv
127.0,1081.7272727272727,29.0,83.5,11.225454545454546,16.0,100.0,14.1,14.318181818181818,2017-07-14_Seat_Leon_KA_KA_Frei.csv
128.0,1098.6363636363637,29.181818181818183,83.5,11.594545454545456,16.0,99.63636363636364,22.818181818181817,21.572727272727274,2017-07-14_Seat_Leon_KA_KA_Frei.csv
129.0,1169.5454545454545,30.818181818181817,83.5,13.860909090909091,16.0,98.54545454545455,29.254545454545454,29.581818181818186,2017-07-14_Seat_Leon_KA_KA_Frei.csv
130.0,1285.0,34.45454545454545,83.5,16.264545454545456,16.0,100.72727272727273,38.14545454545455,37.72727272727273,2017-07-14_Seat_Leon_KA_KA_Frei.csv
131.0,1303.0,38.36363636363637,73.95454545454545,19.793636363636363,16.0,109.36363636363636,37.81818181818182,33.03636363636363,2017-07-14_Seat_Leon_KA_KA_Frei.csv
132.0,1131.0,40.0,41.5,14.963,16.0,103.9,14.1,16.19,2017-07-14_Seat_Leon_KA_KA_Frei.csv
133.0,1050.0,40.54545454545455,83.5,10.205454545454545,16.0,100.0,14.1,14.5,2017-07-14_Seat_Leon_KA_KA_Frei.csv
134.0,1056.25,41.0,83.5,11.300000000000002,16.0,100.83333333333333,14.1,14.5,2017-07-14_Seat_Leon_KA_KA_Frei.csv
135.0,1067.909090909091,41.81818181818182,83.5,11.350909090909092,16.0,101.0,14.1,14.5,2017-07-14_Seat_Leon_KA_KA_Frei.csv
136.0,1079.909090909091,42.0,83.5,11.46,16.0,101.0,14.1,14.5,2017-07-14_Seat_Leon_KA_KA_Frei.csv
137.0,1081.0,42.0,83.5,11.4,16.0,101.0,14.1,14.5,2017-07-14_Seat_Leon_KA_KA_Frei.csv
138.0,1094.909090909091,42.18181818181818,83.5,11.48,16.0,101.0,14.1,14.5,2017-07-14_Seat_Leon_KA_KA_Frei.csv
139.0,1113.8181818181818,43.27272727272727,83.5,11.59818181818182,16.0,101.0,14.1,14.5,2017-07-14_Seat_Leon_KA_KA_Frei.csv
140.0,1124.5,44.0,83.5,12.030000000000001,16.0,101.0,14.1,14.5,2017-07-14_Seat_Leon_KA_KA_Frei.csv
141.0,1121.1818181818182,44.0,83.5,11.861818181818183,16.0,101.0,14.1,14.5,2017-07-14_Seat_Leon_KA_KA_Frei.csv
142.0,1125.75,43.333333333333336,83.5,11.719999999999999,16.0,101.0,14.1,14.5,2017-07-14_Seat_Leon_KA_KA_Frei.csv
143.0,984.3333333333334,43.833333333333336,83.5,10.403333333333334,16.0,101.66666666666667,14.1,14.5,2017-07-14_Seat_Leon_KA_KA_Frei.csv
144.0,1479.6363636363637,43.90909090909091,83.5,16.86909090909091,16.0,101.63636363636364,14.1,14.5,2017-07-14_Seat_Leon_KA_KA_Frei.csv
145.0,1101.3636363636363,42.09090909090909,83.5,10.740000000000002,16.0,103.45454545454545,14.1,14.5,2017-07-14_Seat_Leon_KA_KA_Frei.csv
146.0,1731.25,36.333333333333336,83.5,19.525,16.0,100.0,14.1,14.5,2017-07-14_Seat_Leon_KA_KA_Frei.csv
147.0,1819.3333333333333,31.5,83.5,19.513333333333335,16.0,106.33333333333333,14.1,14.5,2017-07-14_Seat_Leon_KA_KA_Frei.csv
148.0,1649.4545454545455,28.727272727272727,83.5,18.37181818181818,16.0,109.81818181818181,14.736363636363636,14.890909090909092,2017-07-14_Seat_Leon_KA_KA_Frei.csv
149.0,1557.8333333333333,27.25,83.5,17.2525,16.0,109.16666666666667,19.433333333333334,19.775000000000002,2017-07-14_Seat_Leon_KA_KA_Frei.csv
150.0,1526.6666666666667,26.083333333333332,83.5,17.48,16.0,110.25,23.3,23.03333333333333,2017-07-14_Seat_Leon_KA_KA_Frei.csv
151.0,1547.3076923076924,26.307692307692307,83.5,16.715384615384615,16.0,106.38461538461539,27.030769230769234,26.638461538461538,2017-07-14_Seat_Leon_KA_KA_Frei.csv
152.0,1588.5714285714287,27.571428571428573,83.5,16.71,16.0,98.85714285714286,26.12142857142857,26.457142857142856,2017-07-14_Seat_Leon_KA_KA_Frei.csv
153.0,1629.5,28.0,83.5,16.503333333333334,16.0,97.66666666666667,25.866666666666664,25.2,2017-07-14_Seat_Leon_KA_KA_Frei.csv
154.0,1648.2727272727273,28.181818181818183,83.5,21.169090909090908,16.0,104.81818181818181,35.190909090909095,35.445454545454545,2017-07-14_Seat_Leon_KA_KA_Frei.csv
155.0,1875.1818181818182,31.09090909090909,83.5,32.97454545454545,16.0,132.45454545454547,46.309090909090905,46.57272727272727,2017-07-14_Seat_Leon_KA_KA_Frei.csv
156.0,2073.0,37.36363636363637,83.5,57.559090909090905,16.0,141.63636363636363,35.32727272727273,27.336363636363636,2017-07-14_Seat_Leon_KA_KA_Frei.csv
157.0,1821.3636363636363,42.09090909090909,32.24545454545454,27.811818181818182,16.0,113.27272727272727,40.75454545454546,38.5,2017-07-14_Seat_Leon_KA_KA_Frei.csv
158.0,1235.0833333333333,45.0,53.225,20.49,16.0,103.66666666666667,16.516666666666666,20.0,2017-07-14_Seat_Leon_KA_KA_Frei.csv
159.0,1616.3636363636363,44.09090909090909,80.50909090909092,21.485454545454544,16.0,101.63636363636364,14.1,14.5,2017-07-14_Seat_Leon_KA_KA_Frei.csv
160.0,2244.5,40.75,83.5,29.668333333333333,16.0,113.5,14.1,14.5,2017-07-14_Seat_Leon_KA_KA_Frei.csv
161.0,1915.3333333333333,33.916666666666664,83.5,24.325,16.0,119.0,14.1,14.5,2017-07-14_Seat_Leon_KA_KA_Frei.csv
162.0,1499.7272727272727,26.09090909090909,83.5,17.107272727272726,16.0,114.18181818181819,14.1,14.5,2017-07-14_Seat_Leon_KA_KA_Frei.csv
163.0,1278.6363636363637,21.727272727272727,83.5,13.739090909090908,16.0,109.18181818181819,14.1,14.5,2017-07-14_Seat_Leon_KA_KA_Frei.csv
164.0,1248.5,21.0,83.5,13.352500000000001,16.0,105.83333333333333,22.266666666666666,21.549999999999997,2017-07-14_Seat_Leon_KA_KA_Frei.csv
165.0,1290.0,21.583333333333332,83.5,13.674166666666666,16.0,99.75,22.516666666666666,22.416666666666668,2017-07-14_Seat_Leon_KA_KA_Frei.csv
166.0,1342.6923076923076,22.76923076923077,83.5,13.756153846153845,16.0,96.92307692307692,25.86923076923077,25.715384615384615,2017-07-14_Seat_Leon_KA_KA_Frei.csv
167.0,1439.0,24.181818181818183,83.5,15.402727272727274,16.0,96.27272727272727,30.700000000000003,30.645454545454548,2017-07-14_Seat_Leon_KA_KA_Frei.csv
168.0,1600.0,26.75,83.5,18.6675,16.0,99.08333333333333,33.7,34.43333333333333,2017-07-14_Seat_Leon_KA_KA_Frei.csv
169.0,1765.0,30.25,83.5,22.7675,16.0,109.0,36.95,37.025,2017-07-14_Seat_Leon_KA_KA_Frei.csv
170.0,1974.0,33.166666666666664,83.5,26.88083333333333,16.0,123.75,35.68333333333333,38.375,2017-07-14_Seat_Leon_KA_KA_Frei.csv
171.0,1448.857142857143,35.785714285714285,83.5,18.134285714285713,16.0,115.14285714285714,29.914285714285715,28.214285714285715,2017-07-14_Seat_Leon_KA_KA_Frei.csv
172.0,1523.6666666666667,40.25,83.5,30.05666666666666,16.0,124.16666666666667,47.6,48.583333333333336,2017-07-14_Seat_Leon_KA_KA_Frei.csv
173.0,1668.2307692307693,44.92307692307692,71.38461538461539,23.64923076923077,16.0,110.53846153846153,18.992307692307694,21.653846153846153,2017-07-14_Seat_Leon_KA_KA_Frei.csv
174.0,1706.4285714285713,46.0,57.25,21.595714285714283,16.0,104.28571428571429,14.1,14.5,2017-07-14_Seat_Leon_KA_KA_Frei.csv
175.0,1717.1538461538462,46.0,83.5,19.61076923076923,16.0,111.76923076923077,14.099999999999998,14.5,2017-07-14_Seat_Leon_KA_KA_Frei.csv
176.0,1727.923076923077,46.46153846153846,83.5,20.156923076923075,16.0,113.61538461538461,14.099999999999998,14.5,2017-07-14_Seat_Leon_KA_KA_Frei.csv
177.0,1738.142857142857,47.0,83.5,20.34714285714286,16.0,114.0,14.1,14.5,2017-07-14_Seat_Leon_KA_KA_Frei.csv
178.0,1755.923076923077,47.0,83.5,20.357692307692307,16.0,114.0,14.099999999999998,14.5,2017-07-14_Seat_Leon_KA_KA_Frei.csv
179.0,1759.6153846153845,47.46153846153846,83.5,20.64846153846154,16.0,114.0,14.099999999999998,14.5,2017-07-14_Seat_Leon_KA_KA_Frei.csv
180.0,1777.357142857143,48.0,83.5,20.69,16.0,114.0,14.1,14.5,2017-07-14_Seat_Leon_KA_KA_Frei.csv
181.0,1797.076923076923,48.23076923076923,83.5,20.903846153846153,16.0,113.61538461538461,14.099999999999998,14.5,2017-07-14_Seat_Leon_KA_KA_Frei.csv
182.0,1809.7692307692307,48.53846153846154,83.5,20.951538461538462,16.0,113.0,14.099999999999998,14.5,2017-07-14_Seat_Leon_KA_KA_Frei.csv
183.0,1811.2857142857142,48.714285714285715,83.5,20.881428571428568,16.0,113.0,14.1,14.5,2017-07-14_Seat_Leon_KA_KA_Frei.csv
184.0,1826.5384615384614,49.0,83.5,21.323076923076922,16.0,113.0,14.099999999999998,14.5,2017-07-14_Seat_Leon_KA_KA_Frei.csv
185.0,1846.3846153846155,49.46153846153846,83.5,21.373846153846156,16.0,113.0,14.099999999999998,14.5,2017-07-14_Seat_Leon_KA_KA_Frei.csv
186.0,1869.0,50.0,83.5,21.549999999999997,16.0,113.0,14.1,14.5,2017-07-14_Seat_Leon_KA_KA_Frei.csv
187.0,1889.642857142857,50.857142857142854,83.5,21.725714285714282,16.0,113.0,14.1,14.5,2017-07-14_Seat_Leon_KA_KA_Frei.csv
188.0,1900.6153846153845,51.0,83.5,22.123846153846152,16.0,113.0,14.099999999999998,14.5,2017-07-14_Seat_Leon_KA_KA_Frei.csv
189.0,1914.3076923076924,51.61538461538461,83.5,22.196153846153848,16.0,112.23076923076923,14.099999999999998,14.5,2017-07-14_Seat_Leon_KA_KA_Frei.csv
190.0,1925.5714285714287,52.0,83.5,22.302857142857142,16.0,112.71428571428571,14.1,14.5,2017-07-14_Seat_Leon_KA_KA_Frei.csv
191.0,1942.3076923076924,52.0,83.5,22.664615384615384,16.0,112.0,14.099999999999998,14.5,2017-07-14_Seat_Leon_KA_KA_Frei.csv
192.0,1951.2307692307693,52.61538461538461,83.5,22.60307692307692,16.0,112.0,14.099999999999998,14.5,2017-07-14_Seat_Leon_KA_KA_Frei.csv
193.0,1969.4285714285713,53.142857142857146,83.5,22.75142857142857,16.0,112.0,14.1,14.5,2017-07-14_Seat_Leon_KA_KA_Frei.csv
194.0,1987.8461538461538,53.61538461538461,83.5,23.189230769230768,16.0,112.0,14.099999999999998,14.5,2017-07-14_Seat_Leon_KA_KA_Frei.csv
195.0,2001.7692307692307,53.61538461538461,83.5,23.163076923076922,16.0,112.0,14.099999999999998,14.5,2017-07-14_Seat_Leon_KA_KA_Frei.csv
196.0,2021.7857142857142,54.142857142857146,83.5,23.50857142857143,16.0,112.0,14.1,14.5,2017-07-14_Seat_Leon_KA_KA_Frei.csv
197.0,2038.3076923076924,55.0,83.5,23.43846153846154,16.0,112.0,14.099999999999998,14.5,2017-07-14_Seat_Leon_KA_KA_Frei.csv
198.0,2043.076923076923,55.61538461538461,83.5,24.095384615384617,16.0,112.0,14.099999999999998,14.5,2017-07-14_Seat_Leon_KA_KA_Frei.csv
199.0,2054.785714285714,55.285714285714285,83.5,24.082857142857144,16.0,112.0,14.299999999999999,14.5,2017-07-14_Seat_Leon_KA_KA_Frei.csv
200.0,2067.923076923077,56.0,83.5,24.55461538461538,16.0,112.0,14.192307692307692,14.5,2017-07-14_Seat_Leon_KA_KA_Frei.csv
201.0,2072.5384615384614,56.0,83.5,23.643846153846155,16.0,112.0,14.099999999999998,14.5,2017-07-14_Seat_Leon_KA_KA_Frei.csv
202.0,1085.5,52.42857142857143,83.5,12.622857142857143,16.0,111.28571428571429,14.1,14.5,2017-07-14_Seat_Leon_KA_KA_Frei.csv
203.0,1249.2307692307693,49.07692307692308,83.5,13.5,16.0,104.84615384615384,14.099999999999998,14.5,2017-07-14_Seat_Leon_KA_KA_Frei.csv
204.0,2267.923076923077,44.15384615384615,83.5,27.78923076923077,16.0,105.3076923076923,14.099999999999998,14.5,2017-07-14_Seat_Leon_KA_KA_Frei.csv
205.0,2408.0,41.857142857142854,83.5,34.76714285714286,16.0,116.28571428571429,14.1,14.5,2017-07-14_Seat_Leon_KA_KA_Frei.csv
206.0,2285.5454545454545,39.45454545454545,83.5,30.729999999999997,16.0,116.0909090909091,14.1,14.5,2017-07-14_Seat_Leon_KA_KA_Frei.csv
207.0,2203.909090909091,38.0,83.5,27.748181818181816,16.0,114.45454545454545,14.427272727272726,15.081818181818182,2017-07-14_Seat_Leon_KA_KA_Frei.csv
208.0,2185.3636363636365,37.54545454545455,83.5,27.813636363636363,16.0,114.63636363636364,24.5,24.3,2017-07-14_Seat_Leon_KA_KA_Frei.csv
209.0,2216.3333333333335,37.583333333333336,83.5,29.4075,16.0,118.75,29.116666666666664,28.566666666666666,2017-07-14_Seat_Leon_KA_KA_Frei.csv
210.0,2337.2727272727275,39.45454545454545,83.5,34.08363636363636,16.0,108.18181818181819,28.35454545454546,30.863636363636363,2017-07-14_Seat_Leon_KA_KA_Frei.csv
211.0,1700.0,42.45454545454545,83.5,20.835454545454546,16.0,114.63636363636364,14.1,14.5,2017-07-14_Seat_Leon_KA_KA_Frei.csv
212.0,1612.5454545454545,43.0,83.5,16.762727272727275,16.0,111.0,14.1,14.5,2017-07-14_Seat_Leon_KA_KA_Frei.csv
213.0,1620.1818181818182,43.09090909090909,83.5,18.006363636363634,16.0,111.0,14.1,14.5,2017-07-14_Seat_Leon_KA_KA_Frei.csv
214.0,1436.6363636363637,43.63636363636363,83.5,15.33,16.0,109.9090909090909,14.1,14.5,2017-07-14_Seat_Leon_KA_KA_Frei.csv
215.0,916.6363636363636,40.63636363636363,83.5,10.259090909090908,16.0,106.18181818181819,14.1,14.5,2017-07-14_Seat_Leon_KA_KA_Frei.csv
216.0,910.3636363636364,35.18181818181818,83.5,9.544545454545455,16.0,103.45454545454545,14.1,14.5,2017-07-14_Seat_Leon_KA_KA_Frei.csv
217.0,912.0,30.0,83.5,9.475999999999999,16.0,102.4,14.1,14.5,2017-07-14_Seat_Leon_KA_KA_Frei.csv
218.0,912.5833333333334,25.0,83.5,9.263333333333334,16.0,102.0,14.1,14.5,2017-07-14_Seat_Leon_KA_KA_Frei.csv
219.0,913.7272727272727,20.454545454545453,83.5,9.253636363636362,16.0,102.0,14.1,14.5,2017-07-14_Seat_Leon_KA_KA_Frei.csv
220.0,914.0,15.363636363636363,83.5,9.237272727272726,16.0,102.0,14.1,14.5,2017-07-14_Seat_Leon_KA_KA_Frei.csv
221.0,914.9090909090909,9.909090909090908,83.5,9.3,16.0,102.0,14.1,14.5,2017-07-14_Seat_Leon_KA_KA_Frei.csv
222.0,910.0,4.454545454545454,83.5,9.343636363636364,16.0,102.0,14.1,14.5,2017-07-14_Seat_Leon_KA_KA_Frei.csv
223.0,866.5454545454545,1.9090909090909092,83.5,8.806363636363635,16.0,101.72727272727273,14.1,14.5,2017-07-14_Seat_Leon_KA_KA_Frei.csv
224.0,806.2727272727273,0.8181818181818182,83.5,8.408181818181818,16.0,101.0,14.1,14.5,2017-07-14_Seat_Leon_KA_KA_Frei.csv
225.0,807.0,0.0,83.5,8.41,16.0,101.0,14.1,14.5,2017-07-14_Seat_Leon_KA_KA_Frei.csv
226.0,806.5454545454545,0.36363636363636365,83.5,8.35,16.90909090909091,100.45454545454545,14.1,14.5,2017-07-14_Seat_Leon_KA_KA_Frei.csv
227.0,806.5833333333334,1.0,83.5,8.08,17.0,100.0,14.1,14.5,2017-07-14_Seat_Leon_KA_KA_Frei.csv
228.0,805.5454545454545,0.36363636363636365,83.5,8.08,17.0,100.0,14.1,14.5,2017-07-14_Seat_Leon_KA_KA_Frei.csv
229.0,807.4545454545455,0.0,83.5,8.156363636363636,17.0,100.0,14.1,14.5,2017-07-14_Seat_Leon_KA_KA_Frei.csv
230.0,808.0,0.0,83.5,8.13090909090909,17.0,100.0,14.1,14.5,2017-07-14_Seat_Leon_KA_KA_Frei.csv
231.0,806.1818181818181,0.9090909090909091,83.5,8.058181818181819,17.0,100.0,14.1,14.5,2017-07-14_Seat_Leon_KA_KA_Frei.csv
232.0,807.8,0.0,83.5,8.186000000000002,17.0,100.0,14.1,14.5,2017-07-14_Seat_Leon_KA_KA_Frei.csv
233.0,805.8181818181819,1.0,83.5,8.350909090909092,17.0,100.0,14.1,14.5,2017-07-14_Seat_Leon_KA_KA_Frei.csv
234.0,804.7272727272727,1.0,83.5,8.28,17.0,100.0,14.1,14.5,2017-07-14_Seat_Leon_KA_KA_Frei.csv
235.0,804.3636363636364,1.0,83.5,8.547272727272727,17.0,100.0,14.1,14.5,2017-07-14_Seat_Leon_KA_KA_Frei.csv
236.0,804.5454545454545,0.6363636363636364,83.5,8.234545454545456,17.0,100.0,14.1,14.5,2017-07-14_Seat_Leon_KA_KA_Frei.csv
237.0,804.0,0.0,83.5,8.3,17.0,100.0,14.1,14.5,2017-07-14_Seat_Leon_KA_KA_Frei.csv
238.0,804.0,0.0,83.5,8.26,17.0,100.0,14.1,14.5,2017-07-14_Seat_Leon_KA_KA_Frei.csv
239.0,803.2727272727273,0.0,83.5,8.24,17.0,100.0,14.1,14.136363636363637,2017-07-14_Seat_Leon_KA_KA_Frei.csv
240.0,803.8181818181819,0.0,83.5,8.207272727272727,17.0,100.0,14.1,14.5,2017-07-14_Seat_Leon_KA_KA_Frei.csv
241.0,804.0,0.0,83.5,8.200000000000001,17.0,100.0,14.1,14.5,2017-07-14_Seat_Leon_KA_KA_Frei.csv
242.0,804.0,0.0,83.5,8.24,17.0,100.0,14.1,14.5,2017-07-14_Seat_Leon_KA_KA_Frei.csv
243.0,804.0,0.0,83.5,8.264545454545454,17.0,100.0,14.1,14.5,2017-07-14_Seat_Leon_KA_KA_Frei.csv
244.0,804.0,0.0,83.5,8.324545454545454,17.0,100.0,14.1,14.5,2017-07-14_Seat_Leon_KA_KA_Frei.csv
245.0,803.6363636363636,0.0,83.5,8.214545454545457,17.0,100.0,14.1,14.5,2017-07-14_Seat_Leon_KA_KA_Frei.csv
246.0,802.0909090909091,0.0,83.5,8.114545454545455,17.0,100.0,14.1,14.5,2017-07-14_Seat_Leon_KA_KA_Frei.csv
247.0,802.0909090909091,0.0,83.5,7.956363636363636,17.0,100.0,14.1,14.5,2017-07-14_Seat_Leon_KA_KA_Frei.csv
248.0,802.3636363636364,0.0,83.5,8.13090909090909,17.0,100.0,14.1,14.5,2017-07-14_Seat_Leon_KA_KA_Frei.csv
249.0,803.4545454545455,0.0,83.5,8.22,17.0,100.0,14.1,14.463636363636363,2017-07-14_Seat_Leon_KA_KA_Frei.csv
250.0,804.0,0.0,83.5,8.28,17.0,100.0,14.1,14.172727272727274,2017-07-14_Seat_Leon_KA_KA_Frei.csv
251.0,802.25,0.0,83.5,8.256666666666668,17.0,100.0,14.1,14.5,2017-07-14_Seat_Leon_KA_KA_Frei.csv
252.0,802.9,0.0,83.5,8.308,17.0,100.0,14.1,14.5,2017-07-14_Seat_Leon_KA_KA_Frei.csv
253.0,802.1818181818181,0.0,83.5,8.33,17.0,100.0,14.1,14.318181818181818,2017-07-14_Seat_Leon_KA_KA_Frei.csv
254.0,802.4545454545455,0.0,83.5,8.129999999999999,17.0,100.0,14.1,14.318181818181818,2017-07-14_Seat_Leon_KA_KA_Frei.csv
255.0,801.7272727272727,0.0,83.5,8.09,17.0,100.0,14.1,14.5,2017-07-14_Seat_Leon_KA_KA_Frei.csv
256.0,802.0909090909091,0.0,83.5,8.159090909090908,17.0,100.0,14.1,14.5,2017-07-14_Seat_Leon_KA_KA_Frei.csv
257.0,801.5454545454545,0.0,83.5,8.011818181818182,17.0,100.0,14.1,14.5,2017-07-14_Seat_Leon_KA_KA_Frei.csv
258.0,802.0,0.0,83.5,8.08090909090909,17.0,100.0,14.1,14.5,2017-07-14_Seat_Leon_KA_KA_Frei.csv
259.0,802.0,0.6666666666666666,83.5,8.450000000000001,17.0,100.0,14.5,14.633333333333333,2017-07-14_Seat_Leon_KA_KA_Frei.csv
260.0,882.9090909090909,2.6363636363636362,83.5,9.048181818181819,17.0,101.0909090909091,15.7,15.3,2017-07-14_Seat_Leon_KA_KA_Frei.csv
261.0,987.4545454545455,7.545454545454546,83.5,12.09909090909091,17.0,101.63636363636364,18.563636363636363,18.71818181818182,2017-07-14_Seat_Leon_KA_KA_Frei.csv
262.0,1432.3636363636363,12.363636363636363,83.5,15.72909090909091,17.0,102.18181818181819,29.69090909090909,29.88181818181818,2017-07-14_Seat_Leon_KA_KA_Frei.csv
263.0,1552.909090909091,16.181818181818183,83.5,17.536363636363635,17.0,108.36363636363636,22.60909090909091,25.845454545454547,2017-07-14_Seat_Leon_KA_KA_Frei.csv
264.0,1080.909090909091,17.818181818181817,83.5,13.30090909090909,17.0,107.18181818181819,24.572727272727274,24.236363636363638,2017-07-14_Seat_Leon_KA_KA_Frei.csv
265.0,1228.6363636363637,20.727272727272727,83.5,13.740909090909092,17.0,103.36363636363636,29.181818181818183,29.072727272727274,2017-07-14_Seat_Leon_KA_KA_Frei.csv
266.0,1349.7142857142858,22.571428571428573,83.5,14.481428571428571,17.0,102.0,29.4,29.4,2017-07-14_Seat_Leon_KA_KA_Frei.csv
267.0,1370.0,24.0,83.5,14.875,17.0,102.25,28.95,29.0,2017-07-14_Seat_Leon_KA_KA_Frei.csv
268.0,1382.0,24.0,83.5,14.3,17.0,102.8,26.310000000000002,26.419999999999998,2017-07-14_Seat_Leon_KA_KA_Frei.csv
269.0,1411.3846153846155,24.0,83.5,14.263076923076925,17.0,100.46153846153847,26.73076923076923,26.884615384615383,2017-07-14_Seat_Leon_KA_KA_Frei.csv
270.0,1436.5454545454545,24.545454545454547,83.5,15.22181818181818,17.0,102.9090909090909,30.11818181818182,29.59090909090909,2017-07-14_Seat_Leon_KA_KA_Frei.csv
271.0,1496.5,25.666666666666668,83.5,17.759999999999998,17.0,107.33333333333333,35.375,37.26666666666667,2017-07-14_Seat_Leon_KA_KA_Frei.csv
272.0,1663.0833333333333,27.666666666666668,83.5,27.97666666666667,17.0,129.16666666666666,43.39166666666667,44.166666666666664,2017-07-14_Seat_Leon_KA_KA_Frei.csv
273.0,1734.076923076923,33.0,78.11538461538461,24.416923076923077,17.0,133.84615384615384,26.33076923076923,29.176923076923075,2017-07-14_Seat_Leon_KA_KA_Frei.csv
274.0,1350.4615384615386,34.38461538461539,68.11538461538461,26.066153846153846,17.0,108.61538461538461,46.08461538461539,45.26923076923077,2017-07-14_Seat_Leon_KA_KA_Frei.csv
275.0,1459.9285714285713,38.857142857142854,83.5,34.318571428571424,17.0,141.14285714285714,56.9,57.51428571428572,2017-07-14_Seat_Leon_KA_KA_Frei.csv
276.0,1643.0,45.27272727272727,83.5,52.67,17.0,169.8181818181818,46.59090909090909,40.89090909090908,2017-07-14_Seat_Leon_KA_KA_Frei.csv
277.0,1508.0,48.27272727272727,40.54545454545455,25.257272727272724,17.0,123.27272727272727,31.063636363636363,24.636363636363637,2017-07-14_Seat_Leon_KA_KA_Frei.csv
278.0,1394.8181818181818,49.0,83.5,12.338181818181818,17.0,104.18181818181819,16.79090909090909,18.045454545454547,2017-07-14_Seat_Leon_KA_KA_Frei.csv
279.0,1258.4545454545455,49.0,83.5,12.16909090909091,17.0,102.9090909090909,14.136363636363637,14.5,2017-07-14_Seat_Leon_KA_KA_Frei.csv
280.0,1256.7272727272727,49.0,83.5,12.958181818181817,17.0,105.45454545454545,14.1,14.5,2017-07-14_Seat_Leon_KA_KA_Frei.csv
281.0,1253.75,49.0,83.5,13.089999999999998,17.0,106.0,14.1,14.5,2017-07-14_Seat_Leon_KA_KA_Frei.csv
282.0,1259.3636363636363,49.0,83.5,13.05,17.0,106.0,14.1,14.5,2017-07-14_Seat_Leon_KA_KA_Frei.csv
283.0,1270.3333333333333,49.916666666666664,83.5,13.090000000000002,17.0,106.0,14.1,14.5,2017-07-14_Seat_Leon_KA_KA_Frei.csv
284.0,1279.6666666666667,50.0,83.5,13.209999999999999,17.0,106.0,14.1,14.5,2017-07-14_Seat_Leon_KA_KA_Frei.csv
285.0,1291.5,50.0,83.5,13.4775,17.0,106.0,14.1,14.5,2017-07-14_Seat_Leon_KA_KA_Frei.csv
286.0,1314.5454545454545,50.54545454545455,83.5,13.450909090909091,17.0,106.0,14.1,14.5,2017-07-14_Seat_Leon_KA_KA_Frei.csv
287.0,1331.5,51.666666666666664,83.5,13.65,17.0,106.0,14.1,14.5,2017-07-14_Seat_Leon_KA_KA_Frei.csv
288.0,1345.8461538461538,52.07692307692308,83.5,13.850769230769231,17.0,106.0,14.099999999999998,14.5,2017-07-14_Seat_Leon_KA_KA_Frei.csv
289.0,1363.6923076923076,53.0,83.5,13.973846153846154,17.0,106.46153846153847,14.099999999999998,14.5,2017-07-14_Seat_Leon_KA_KA_Frei.csv
290.0,1384.357142857143,53.57142857142857,83.5,14.204285714285716,17.0,107.0,14.1,14.5,2017-07-14_Seat_Leon_KA_KA_Frei.csv
291.0,1387.6153846153845,54.07692307692308,83.5,14.430769230769231,17.0,107.0,14.099999999999998,14.5,2017-07-14_Seat_Leon_KA_KA_Frei.csv
292.0,1398.3333333333333,55.0,83.5,14.6025,17.0,107.0,14.1,14.5,2017-07-14_Seat_Leon_KA_KA_Frei.csv
293.0,1411.857142857143,55.0,83.5,14.700714285714286,17.0,107.0,14.1,14.5,2017-07-14_Seat_Leon_KA_KA_Frei.csv
294.0,1418.6666666666667,55.0,83.5,14.830833333333333,17.0,107.08333333333333,14.1,14.5,2017-07-14_Seat_Leon_KA_KA_Frei.csv
295.0,1435.6923076923076,55.92307692307692,83.5,14.87153846153846,17.0,108.0,14.099999999999998,14.5,2017-07-14_Seat_Leon_KA_KA_Frei.csv
296.0,1441.0,56.0,83.5,15.028571428571428,17.0,108.0,14.1,14.5,2017-07-14_Seat_Leon_KA_KA_Frei.csv
297.0,1445.5,56.0,83.5,15.035000000000002,17.0,108.0,14.1,14.5,2017-07-14_Seat_Leon_KA_KA_Frei.csv
298.0,1455.3846153846155,56.07692307692308,83.5,15.172307692307694,17.0,108.0,14.099999999999998,14.5,2017-07-14_Seat_Leon_KA_KA_Frei.csv
299.0,1459.857142857143,57.0,83.5,14.993571428571428,17.0,108.0,14.1,14.5,2017-07-14_Seat_Leon_KA_KA_Frei.csv
300.0,1463.923076923077,57.0,83.5,15.003846153846155,17.0,108.0,14.099999999999998,14.5,2017-07-14_Seat_Leon_KA_KA_Frei.csv
301.0,1471.923076923077,57.0,83.5,15.31076923076923,17.0,108.0,14.099999999999998,14.5,2017-07-14_Seat_Leon_KA_KA_Frei.csv
302.0,1460.923076923077,57.0,83.5,15.170769230769231,17.0,108.0,14.099999999999998,14.5,2017-07-14_Seat_Leon_KA_KA_Frei.csv
303.0,1453.5384615384614,56.46153846153846,83.5,14.613076923076923,17.0,108.0,14.099999999999998,14.5,2017-07-14_Seat_Leon_KA_KA_Frei.csv
304.0,1057.7692307692307,56.76923076923077,83.5,11.554615384615383,17.0,107.23076923076923,14.099999999999998,14.5,2017-07-14_Seat_Leon_KA_KA_Frei.csv
305.0,1783.4285714285713,55.0,83.5,19.795714285714286,17.0,105.57142857142857,14.1,14.5,2017-07-14_Seat_Leon_KA_KA_Frei.csv
306.0,2011.4166666666667,54.0,83.5,22.613333333333333,17.0,112.33333333333333,14.1,14.5,2017-07-14_Seat_Leon_KA_KA_Frei.csv
307.0,1831.142857142857,49.42857142857143,83.5,20.077142857142857,17.0,114.0,14.1,14.5,2017-07-14_Seat_Leon_KA_KA_Frei.csv
308.0,1406.4615384615386,40.38461538461539,83.5,15.44,17.0,113.23076923076923,14.099999999999998,14.5,2017-07-14_Seat_Leon_KA_KA_Frei.csv
309.0,988.5714285714286,32.5,83.5,8.885,17.0,108.78571428571429,14.1,14.5,2017-07-14_Seat_Leon_KA_KA_Frei.csv
310.0,907.8461538461538,26.153846153846153,83.5,9.454615384615385,17.0,104.07692307692308,14.099999999999998,14.5,2017-07-14_Seat_Leon_KA_KA_Frei.csv
311.0,904.6153846153846,18.615384615384617,83.5,9.008461538461539,17.0,103.0,14.099999999999998,14.5,2017-07-14_Seat_Leon_KA_KA_Frei.csv
312.0,904.9230769230769,12.615384615384615,83.5,8.89923076923077,17.0,103.0,14.676923076923078,14.5,2017-07-14_Seat_Leon_KA_KA_Frei.csv
313.0,1000.1538461538462,12.384615384615385,83.5,11.297692307692309,17.0,103.23076923076923,24.73846153846154,25.200000000000003,2017-07-14_Seat_Leon_KA_KA_Frei.csv
314.0,1062.6153846153845,17.46153846153846,83.5,16.674615384615382,17.0,107.84615384615384,42.138461538461534,41.43076923076923,2017-07-14_Seat_Leon_KA_KA_Frei.csv
315.0,1437.5,24.571428571428573,72.25,26.85571428571429,17.0,123.42857142857143,43.57857142857143,44.34285714285715,2017-07-14_Seat_Leon_KA_KA_Frei.csv
316.0,1059.3076923076924,28.0,55.23076923076923,16.613076923076925,17.0,109.23076923076923,14.099999999999998,14.5,2017-07-14_Seat_Leon_KA_KA_Frei.csv
317.0,908.0,29.076923076923077,83.5,9.403846153846153,17.0,105.6923076923077,14.099999999999998,14.5,2017-07-14_Seat_Leon_KA_KA_Frei.csv
318.0,906.1538461538462,30.0,83.5,9.141538461538461,17.0,104.46153846153847,14.099999999999998,14.5,2017-07-14_Seat_Leon_KA_KA_Frei.csv
319.0,904.6666666666666,30.583333333333332,83.5,9.055,17.0,103.25,14.1,14.5,2017-07-14_Seat_Leon_KA_KA_Frei.csv
320.0,905.0769230769231,30.23076923076923,83.5,9.038461538461538,17.0,103.0,14.099999999999998,14.5,2017-07-14_Seat_Leon_KA_KA_Frei.csv
321.0,905.6428571428571,26.142857142857142,83.5,9.024285714285714,17.0,103.0,14.1,14.5,2017-07-14_Seat_Leon_KA_KA_Frei.csv
322.0,905.6153846153846,22.923076923076923,83.5,8.946923076923078,17.0,103.0,14.099999999999998,14.5,2017-07-14_Seat_Leon_KA_KA_Frei.csv
323.0,906.0,19.692307692307693,83.5,8.916153846153847,17.0,103.0,14.099999999999998,14.5,2017-07-14_Seat_Leon_KA_KA_Frei.csv
324.0,906.3076923076923,15.076923076923077,83.5,8.784615384615385,17.0,103.0,14.099999999999998,14.5,2017-07-14_Seat_Leon_KA_KA_Frei.csv
325.0,906.5,9.083333333333334,83.5,8.879999999999999,17.0,103.0,14.1,14.5,2017-07-14_Seat_Leon_KA_KA_Frei.csv
326.0,902.8181818181819,3.909090909090909,83.5,8.867272727272727,17.0,103.0,14.20909090909091,14.5,2017-07-14_Seat_Leon_KA_KA_Frei.csv
327.0,923.5454545454545,3.6363636363636362,83.5,8.917272727272728,17.0,103.0,15.081818181818182,14.863636363636363,2017-07-14_Seat_Leon_KA_KA_Frei.csv
328.0,935.2727272727273,4.7272727272727275,83.5,9.01,17.0,103.0,14.1,14.5,2017-07-14_Seat_Leon_KA_KA_Frei.csv
329.0,889.6363636363636,5.0,83.5,8.878181818181817,17.0,103.0,14.1,14.5,2017-07-14_Seat_Leon_KA_KA_Frei.csv
330.0,902.4545454545455,5.0,83.5,9.02,17.0,103.0,14.1,14.354545454545455,2017-07-14_Seat_Leon_KA_KA_Frei.csv
331.0,906.9,5.0,83.5,9.08,17.0,103.0,14.1,14.26,2017-07-14_Seat_Leon_KA_KA_Frei.csv
332.0,907.0,4.833333333333333,83.5,8.988333333333335,17.0,103.0,14.1,14.5,2017-07-14_Seat_Leon_KA_KA_Frei.csv
333.0,886.0,4.545454545454546,83.5,9.223636363636365,17.0,103.0,15.263636363636364,15.009090909090908,2017-07-14_Seat_Leon_KA_KA_Frei.csv
334.0,973.2,7.2,83.5,11.591,17.0,103.5,19.78,20.27,2017-07-14_Seat_Leon_KA_KA_Frei.csv
335.0,1564.5,12.916666666666666,83.5,26.8025,17.0,115.08333333333333,43.300000000000004,42.050000000000004,2017-07-14_Seat_Leon_KA_KA_Frei.csv
336.0,1924.8,19.0,73.0,41.126,17.0,104.8,14.1,17.91,2017-07-14_Seat_Leon_KA_KA_Frei.csv
337.0,1652.4545454545455,23.727272727272727,45.31818181818182,30.123636363636365,17.0,110.81818181818181,48.127272727272725,48.04545454545455,2017-07-14_Seat_Leon_KA_KA_Frei.csv
338.0,1874.0,31.333333333333332,83.5,56.72,17.0,171.83333333333334,57.025,57.949999999999996,2017-07-14_Seat_Leon_KA_KA_Frei.csv
339.0,2470.4545454545455,41.36363636363637,55.08181818181818,60.24818181818182,17.0,193.1818181818182,38.79090909090909,43.663636363636364,2017-07-14_Seat_Leon_KA_KA_Frei.csv
340.0,1805.1818181818182,43.90909090909091,63.09090909090909,35.29909090909091,17.0,103.9090909090909,31.05454545454546,29.59090909090909,2017-07-14_Seat_Leon_KA_KA_Frei.csv
341.0,1816.8181818181818,48.36363636363637,82.87272727272727,48.15,17.0,158.72727272727272,51.18181818181818,51.61818181818182,2017-07-14_Seat_Leon_KA_KA_Frei.csv
342.0,1801.2727272727273,52.18181818181818,40.87272727272727,38.60636363636364,17.0,167.0909090909091,27.518181818181816,31.927272727272726,2017-07-14_Seat_Leon_KA_KA_Frei.csv
343.0,1408.1818181818182,53.54545454545455,76.67272727272729,24.616363636363634,17.0,123.45454545454545,43.77272727272727,41.154545454545456,2017-07-14_Seat_Leon_KA_KA_Frei.csv
344.0,1427.6363636363637,55.72727272727273,78.72727272727273,33.88,17.0,131.0909090909091,40.5,34.60909090909091,2017-07-14_Seat_Leon_KA_KA_Frei.csv
345.0,1433.6363636363637,56.09090909090909,40.54545454545455,21.811818181818182,17.0,117.45454545454545,16.209090909090907,16.71818181818182,2017-07-14_Seat_Leon_KA_KA_Frei.csv
346.0,1423.0,55.0,83.5,14.117272727272729,17.0,105.45454545454545,14.1,14.5,2017-07-14_Seat_Leon_KA_KA_Frei.csv
347.0,1414.6363636363637,55.0,83.5,15.424545454545456,17.0,105.45454545454545,14.1,14.463636363636363,2017-07-14_Seat_Leon_KA_KA_Frei.csv
348.0,1409.7272727272727,55.0,83.5,16.286363636363635,17.0,113.27272727272727,14.1,14.172727272727274,2017-07-14_Seat_Leon_KA_KA_Frei.csv
349.0,1411.7272727272727,55.0,83.5,16.906363636363636,17.0,118.9090909090909,14.1,14.5,2017-07-14_Seat_Leon_KA_KA_Frei.csv
350.0,1421.3333333333333,55.083333333333336,83.5,16.855,17.0,117.75,14.1,14.5,2017-07-14_Seat_Leon_KA_KA_Frei.csv
351.0,1423.5454545454545,55.81818181818182,83.5,17.17909090909091,17.0,117.72727272727273,14.1,14.5,2017-07-14_Seat_Leon_KA_KA_Frei.csv
352.0,1425.7272727272727,55.27272727272727,83.5,17.18,17.0,119.0,14.1,14.5,2017-07-14_Seat_Leon_KA_KA_Frei.csv
353.0,1433.8181818181818,56.0,83.5,17.365454545454543,17.0,119.0,14.1,14.5,2017-07-14_Seat_Leon_KA_KA_Frei.csv
354.0,1442.0,56.0,83.5,17.117272727272727,17.0,118.36363636363636,14.1,14.5,2017-07-14_Seat_Leon_KA_KA_Frei.csv
355.0,1444.5454545454545,56.0,83.5,16.742727272727272,17.0,117.27272727272727,14.1,14.5,2017-07-14_Seat_Leon_KA_KA_Frei.csv
356.0,1446.7272727272727,56.0,83.5,16.94,17.0,117.0,14.1,14.136363636363637,2017-07-14_Seat_Leon_KA_KA_Frei.csv
357.0,1451.909090909091,56.0,83.5,16.803636363636365,17.0,117.0,14.1,14.5,2017-07-14_Seat_Leon_KA_KA_Frei.csv
358.0,1453.0,56.81818181818182,83.5,16.721818181818183,17.0,116.0,14.1,14.5,2017-07-14_Seat_Leon_KA_KA_Frei.csv
359.0,1455.5454545454545,57.0,83.5,16.783636363636365,17.0,116.0,14.1,14.5,2017-07-14_Seat_Leon_KA_KA_Frei.csv
360.0,1460.6363636363637,57.0,83.5,16.57090909090909,17.0,116.0,14.1,14.5,2017-07-14_Seat_Leon_KA_KA_Frei.csv
361.0,1459.0,57.0,83.5,16.60181818181818,17.0,115.63636363636364,14.1,14.5,2017-07-14_Seat_Leon_KA_KA_Frei.csv
362.0,1446.6363636363637,56.45454545454545,83.5,15.07181818181818,17.0,112.72727272727273,14.1,14.5,2017-07-14_Seat_Leon_KA_KA_Frei.csv
363.0,1409.090909090909,54.63636363636363,83.5,14.266363636363637,17.0,111.63636363636364,22.445454545454545,22.5,2017-07-14_Seat_Leon_KA_KA_Frei.csv
364.0,1390.0,54.0,83.5,15.160909090909088,17.0,109.18181818181819,31.481818181818184,31.227272727272727,2017-07-14_Seat_Leon_KA_KA_Frei.csv
365.0,1401.3333333333333,54.583333333333336,83.5,19.121666666666666,17.0,115.25,38.06666666666666,38.1,2017-07-14_Seat_Leon_KA_KA_Frei.csv
366.0,1431.5454545454545,55.72727272727273,83.5,24.85181818181818,17.0,133.45454545454547,43.9,44.7,2017-07-14_Seat_Leon_KA_KA_Frei.csv
367.0,1478.4,57.6,83.5,26.131999999999998,17.0,150.0,34.959999999999994,38.660000000000004,2017-07-14_Seat_Leon_KA_KA_Frei.csv
368.0,1131.75,57.166666666666664,78.95,20.706666666666667,17.0,109.16666666666667,14.1,14.5,2017-07-14_Seat_Leon_KA_KA_Frei.csv
369.0,1812.0,54.81818181818182,81.37272727272727,23.39363636363636,17.0,108.27272727272727,14.1,14.5,2017-07-14_Seat_Leon_KA_KA_Frei.csv
370.0,1943.4545454545455,52.45454545454545,83.5,21.46818181818182,17.0,118.0909090909091,14.1,14.5,2017-07-14_Seat_Leon_KA_KA_Frei.csv
371.0,1862.3636363636363,49.72727272727273,83.5,20.479999999999997,17.0,119.54545454545455,18.39090909090909,19.01818181818182,2017-07-14_Seat_Leon_KA_KA_Frei.csv
372.0,1826.4545454545455,49.0,83.5,20.774545454545454,17.0,120.63636363636364,35.70909090909091,36.14545454545455,2017-07-14_Seat_Leon_KA_KA_Frei.csv
373.0,1884.2727272727273,50.36363636363637,83.5,41.700909090909086,17.0,150.0,46.01818181818182,47.32727272727273,2017-07-14_Seat_Leon_KA_KA_Frei.csv
374.0,2053.6363636363635,55.27272727272727,83.5,69.38818181818182,17.0,207.45454545454547,58.54545454545455,57.872727272727275,2017-07-14_Seat_Leon_KA_KA_Frei.csv
375.0,2336.181818181818,62.45454545454545,83.5,84.20181818181818,17.0,224.63636363636363,51.654545454545456,56.22727272727273,2017-07-14_Seat_Leon_KA_KA_Frei.csv
376.0,2503.3636363636365,67.18181818181819,83.5,59.74363636363637,17.0,139.54545454545453,14.1,14.5,2017-07-14_Seat_Leon_KA_KA_Frei.csv
377.0,2465.7272727272725,66.36363636363636,83.5,35.53181818181818,17.0,132.63636363636363,14.1,14.390909090909092,2017-07-14_Seat_Leon_KA_KA_Frei.csv
378.0,2211.2727272727275,60.54545454545455,83.5,29.29181818181818,17.0,128.0909090909091,14.1,14.245454545454544,2017-07-14_Seat_Leon_KA_KA_Frei.csv
379.0,1978.3636363636363,53.54545454545455,83.5,22.98909090909091,17.0,123.18181818181819,14.1,14.5,2017-07-14_Seat_Leon_KA_KA_Frei.csv
380.0,1778.6666666666667,48.25,83.5,19.1225,17.0,120.16666666666667,14.1,14.5,2017-07-14_Seat_Leon_KA_KA_Frei.csv
381.0,1681.3636363636363,45.63636363636363,83.5,18.046363636363637,17.0,117.9090909090909,17.618181818181817,18.5,2017-07-14_Seat_Leon_KA_KA_Frei.csv
382.0,1661.1818181818182,44.54545454545455,83.5,19.625454545454545,17.0,111.9090909090909,28.763636363636362,30.227272727272727,2017-07-14_Seat_Leon_KA_KA_Frei.csv
383.0,1708.8181818181818,45.09090909090909,83.5,28.86909090909091,17.0,129.36363636363637,46.53636363636363,46.13636363636363,2017-07-14_Seat_Leon_KA_KA_Frei.csv
384.0,1824.4545454545455,48.54545454545455,83.5,50.65090909090909,17.0,180.36363636363637,53.97272727272727,54.63636363636363,2017-07-14_Seat_Leon_KA_KA_Frei.csv
385.0,2042.909090909091,55.09090909090909,83.5,73.86,17.0,228.1818181818182,59.45454545454545,60.290909090909096,2017-07-14_Seat_Leon_KA_KA_Frei.csv
386.0,2347.6363636363635,62.72727272727273,83.5,87.79272727272728,17.0,224.54545454545453,53.92727272727273,50.25454545454545,2017-07-14_Seat_Leon_KA_KA_Frei.csv
387.0,2242.090909090909,67.63636363636364,50.09090909090909,48.87272727272727,17.0,146.1818181818182,46.88181818181818,33.27272727272727,2017-07-14_Seat_Leon_KA_KA_Frei.csv
388.0,1811.1818181818182,70.36363636363636,69.18181818181819,46.68,17.0,154.0909090909091,55.82727272727273,57.72727272727273,2017-07-14_Seat_Leon_KA_KA_Frei.csv
389.0,1931.6666666666667,75.25,83.5,69.88166666666667,17.0,224.75,61.53333333333333,62.175000000000004,2017-07-14_Seat_Leon_KA_KA_Frei.csv
390.0,2070.3636363636365,80.81818181818181,83.5,76.4890909090909,17.0,231.0909090909091,67.01818181818182,66.84545454545454,2017-07-14_Seat_Leon_KA_KA_Frei.csv
391.0,2118.3636363636365,85.36363636363636,83.5,66.98727272727272,17.0,214.8181818181818,58.25454545454545,53.72727272727273,2017-07-14_Seat_Leon_KA_KA_Frei.csv
392.0,1863.0,86.41666666666667,83.5,34.660000000000004,17.0,154.0,49.36666666666667,52.10833333333333,2017-07-14_Seat_Leon_KA_KA_Frei.csv
393.0,1780.1666666666667,88.25,64.7,53.28,17.0,205.5,47.833333333333336,52.150000000000006,2017-07-14_Seat_Leon_KA_KA_Frei.csv
394.0,1482.1538461538462,88.07692307692308,58.08461538461539,34.26461538461538,17.0,132.69230769230768,38.6,36.23846153846154,2017-07-14_Seat_Leon_KA_KA_Frei.csv
395.0,1506.1538461538462,88.76923076923077,81.96153846153847,41.598461538461535,17.0,167.92307692307693,61.13846153846154,61.87692307692308,2017-07-14_Seat_Leon_KA_KA_Frei.csv
396.0,1548.6666666666667,91.16666666666667,83.5,50.61833333333333,17.0,214.25,61.53333333333333,61.96666666666667,2017-07-14_Seat_Leon_KA_KA_Frei.csv
397.0,1584.0,93.5,57.449999999999996,48.79833333333334,17.416666666666668,214.75,45.5,49.824999999999996,2017-07-14_Seat_Leon_KA_KA_Frei.csv
398.0,1593.857142857143,94.0,65.82857142857142,32.964285714285715,18.0,137.5,14.1,14.5,2017-07-14_Seat_Leon_KA_KA_Frei.csv
399.0,1590.5454545454545,94.0,83.5,25.94545454545454,18.0,146.36363636363637,14.1,14.5,2017-07-14_Seat_Leon_KA_KA_Frei.csv
400.0,1590.0,94.0,83.5,26.256363636363634,18.0,148.72727272727272,14.1,14.5,2017-07-14_Seat_Leon_KA_KA_Frei.csv
401.0,1588.7272727272727,94.0,83.5,25.987272727272728,18.0,148.0,14.1,14.5,2017-07-14_Seat_Leon_KA_KA_Frei.csv
402.0,1594.0,94.0,83.5,25.33,18.0,148.0,14.1,14.5,2017-07-14_Seat_Leon_KA_KA_Frei.csv
403.0,1594.0833333333333,94.0,83.5,24.75333333333333,18.0,141.83333333333334,14.1,14.5,2017-07-14_Seat_Leon_KA_KA_Frei.csv
404.0,1593.25,94.16666666666667,83.5,24.386666666666667,18.0,141.0,14.1,14.5,2017-07-14_Seat_Leon_KA_KA_Frei.csv
405.0,1593.6363636363637,94.72727272727273,83.5,22.21818181818182,18.0,138.72727272727272,14.1,14.5,2017-07-14_Seat_Leon_KA_KA_Frei.csv
406.0,1591.5,94.0,83.5,22.89,18.0,136.58333333333334,14.1,14.5,2017-07-14_Seat_Leon_KA_KA_Frei.csv
407.0,1591.3333333333333,94.0,83.5,23.276666666666667,18.0,137.75,14.1,14.5,2017-07-14_Seat_Leon_KA_KA_Frei.csv
408.0,1592.0,94.0,83.5,23.148333333333337,18.0,138.58333333333334,14.1,14.5,2017-07-14_Seat_Leon_KA_KA_Frei.csv
409.0,1591.0,94.0,83.5,21.44,18.0,134.25,14.299999999999999,14.5,2017-07-14_Seat_Leon_KA_KA_Frei.csv
410.0,1589.4615384615386,94.0,83.5,19.103076923076923,18.0,127.84615384615384,14.223076923076924,14.5,2017-07-14_Seat_Leon_KA_KA_Frei.csv
411.0,1586.4166666666667,94.0,83.5,16.736666666666668,18.0,120.33333333333333,14.1,14.5,2017-07-14_Seat_Leon_KA_KA_Frei.csv
412.0,1580.75,94.0,83.5,16.54,18.0,117.33333333333333,14.1,14.5,2017-07-14_Seat_Leon_KA_KA_Frei.csv
413.0,1572.8333333333333,93.16666666666667,83.5,16.169999999999998,18.0,112.83333333333333,14.1,14.5,2017-07-14_Seat_Leon_KA_KA_Frei.csv
414.0,1562.2727272727273,92.81818181818181,83.5,14.965454545454547,18.0,112.36363636363636,14.1,14.5,2017-07-14_Seat_Leon_KA_KA_Frei.csv
415.0,1553.6153846153845,92.0,83.5,15.224615384615383,18.0,114.07692307692308,14.099999999999998,14.5,2017-07-14_Seat_Leon_KA_KA_Frei.csv
416.0,1547.7142857142858,92.0,83.5,15.73,18.0,116.85714285714286,14.1,14.5,2017-07-14_Seat_Leon_KA_KA_Frei.csv
417.0,1540.0,91.08333333333333,83.5,16.732499999999998,18.0,121.5,14.1,14.5,2017-07-14_Seat_Leon_KA_KA_Frei.csv
418.0,1539.0,91.0,83.5,17.805,18.0,124.66666666666667,14.1,14.5,2017-07-14_Seat_Leon_KA_KA_Frei.csv
419.0,1537.0,91.0,83.5,18.79,18.0,129.57142857142858,14.1,14.5,2017-07-14_Seat_Leon_KA_KA_Frei.csv
420.0,1540.8461538461538,91.0,83.5,19.97923076923077,18.0,133.30769230769232,14.099999999999998,14.5,2017-07-14_Seat_Leon_KA_KA_Frei.csv
421.0,1537.6153846153845,91.0,83.5,22.37230769230769,18.0,137.92307692307693,14.099999999999998,14.284615384615384,2017-07-14_Seat_Leon_KA_KA_Frei.csv
422.0,1537.923076923077,91.0,83.5,23.60153846153846,18.0,142.23076923076923,14.099999999999998,14.407692307692308,2017-07-14_Seat_Leon_KA_KA_Frei.csv
423.0,1547.0,91.6923076923077,83.5,24.92615384615385,18.0,147.30769230769232,14.099999999999998,14.5,2017-07-14_Seat_Leon_KA_KA_Frei.csv
424.0,1505.5,92.0,83.5,24.25,18.0,147.0,14.1,14.5,2017-07-14_Seat_Leon_KA_KA_Frei.csv
425.0,1304.0,91.14285714285714,45.91428571428571,19.224285714285713,18.0,121.28571428571429,14.1,14.5,2017-07-14_Seat_Leon_KA_KA_Frei.csv
426.0,1591.923076923077,89.3076923076923,83.28461538461539,14.413076923076924,18.0,111.92307692307692,14.099999999999998,14.5,2017-07-14_Seat_Leon_KA_KA_Frei.csv
427.0,1242.6,87.8,83.5,12.997,18.0,115.0,14.1,14.5,2017-07-14_Seat_Leon_KA_KA_Frei.csv
428.0,2135.0,83.75,83.5,25.38416666666667,18.0,119.08333333333333,14.1,14.5,2017-07-14_Seat_Leon_KA_KA_Frei.csv
429.0,2060.2,80.8,83.5,21.926,18.0,122.0,14.1,14.5,2017-07-14_Seat_Leon_KA_KA_Frei.csv
430.0,1204.076923076923,78.61538461538461,83.5,13.059230769230767,18.0,118.53846153846153,14.099999999999998,14.5,2017-07-14_Seat_Leon_KA_KA_Frei.csv
431.0,1596.6,75.3,83.5,24.704,18.0,108.5,14.1,14.5,2017-07-14_Seat_Leon_KA_KA_Frei.csv
432.0,2502.0,67.75,83.5,34.6925,18.0,118.75,14.1,14.200000000000001,2017-07-14_Seat_Leon_KA_KA_Frei.csv
433.0,2392.6666666666665,64.83333333333333,83.5,31.300833333333333,18.0,126.5,16.383333333333333,15.608333333333334,2017-07-14_Seat_Leon_KA_KA_Frei.csv
434.0,2341.4285714285716,63.142857142857146,83.5,30.207142857142856,18.0,130.64285714285714,28.485714285714288,28.62857142857143,2017-07-14_Seat_Leon_KA_KA_Frei.csv
435.0,2318.5384615384614,62.0,83.5,27.78846153846154,18.0,128.46153846153845,30.50769230769231,30.63076923076923,2017-07-14_Seat_Leon_KA_KA_Frei.csv
436.0,2311.153846153846,62.0,83.5,27.215384615384615,18.0,122.6923076923077,31.969230769230766,32.03846153846154,2017-07-14_Seat_Leon_KA_KA_Frei.csv
437.0,2327.6923076923076,62.76923076923077,83.5,30.378461538461536,18.0,129.0,35.607692307692304,35.94615384615385,2017-07-14_Seat_Leon_KA_KA_Frei.csv
438.0,2369.230769230769,64.0,83.5,34.174615384615386,18.0,137.0,36.59230769230769,36.93076923076923,2017-07-14_Seat_Leon_KA_KA_Frei.csv
439.0,2404.0,64.46153846153847,83.5,35.09461538461539,18.0,136.3846153846154,36.19230769230769,36.684615384615384,2017-07-14_Seat_Leon_KA_KA_Frei.csv
440.0,2430.285714285714,65.71428571428571,83.5,34.93,18.0,133.28571428571428,27.985714285714288,29.928571428571427,2017-07-14_Seat_Leon_KA_KA_Frei.csv
441.0,2406.0,64.25,83.5,31.013333333333335,18.0,123.66666666666667,14.1,14.5,2017-07-14_Seat_Leon_KA_KA_Frei.csv
442.0,2278.5,60.333333333333336,83.5,27.224999999999998,18.0,125.83333333333333,14.1,14.5,2017-07-14_Seat_Leon_KA_KA_Frei.csv
443.0,2077.4285714285716,56.07142857142857,83.5,23.115,18.0,121.71428571428571,14.1,14.5,2017-07-14_Seat_Leon_KA_KA_Frei.csv
444.0,1965.923076923077,52.84615384615385,83.5,20.836153846153845,18.0,118.6923076923077,15.176923076923078,17.77692307692308,2017-07-14_Seat_Leon_KA_KA_Frei.csv
445.0,1918.076923076923,51.0,83.5,24.35153846153846,18.0,126.07692307692308,36.56153846153846,37.86923076923077,2017-07-14_Seat_Leon_KA_KA_Frei.csv
446.0,1950.5714285714287,52.285714285714285,83.5,40.925000000000004,18.0,170.07142857142858,49.285714285714285,49.521428571428565,2017-07-14_Seat_Leon_KA_KA_Frei.csv
447.0,2072.5454545454545,55.72727272727273,83.5,57.89636363636364,18.0,209.45454545454547,49.90909090909091,50.38181818181818,2017-07-14_Seat_Leon_KA_KA_Frei.csv
448.0,2196.0,59.166666666666664,83.5,43.54333333333333,18.0,175.66666666666666,38.56666666666667,37.85,2017-07-14_Seat_Leon_KA_KA_Frei.csv
449.0,2214.3,59.8,83.5,22.99,18.0,123.4,26.99,26.139999999999997,2017-07-14_Seat_Leon_KA_KA_Frei.csv
450.0,2201.8333333333335,59.0,83.5,26.635,18.0,129.5,36.574999999999996,35.699999999999996,2017-07-14_Seat_Leon_KA_KA_Frei.csv
451.0,1856.6363636363637,59.0,83.5,26.220909090909092,18.0,133.63636363636363,16.490909090909092,19.28181818181818,2017-07-14_Seat_Leon_KA_KA_Frei.csv
452.0,1548.2727272727273,59.54545454545455,83.5,18.657272727272726,18.0,128.9090909090909,40.9,39.5,2017-07-14_Seat_Leon_KA_KA_Frei.csv
453.0,1571.909090909091,61.27272727272727,83.5,28.59272727272727,18.0,149.63636363636363,46.24545454545454,47.27272727272727,2017-07-14_Seat_Leon_KA_KA_Frei.csv
454.0,1639.0,63.45454545454545,83.5,35.47090909090909,18.0,175.8181818181818,47.90909090909091,49.0,2017-07-14_Seat_Leon_KA_KA_Frei.csv
455.0,1712.8181818181818,66.45454545454545,83.5,37.58,18.0,191.45454545454547,47.800000000000004,48.67272727272727,2017-07-14_Seat_Leon_KA_KA_Frei.csv
456.0,1786.8181818181818,68.81818181818181,83.5,37.27454545454545,18.0,186.1818181818182,47.28181818181818,47.945454545454545,2017-07-14_Seat_Leon_KA_KA_Frei.csv
457.0,1839.9,71.0,83.5,38.624,18.0,187.8,47.65,48.36,2017-07-14_Seat_Leon_KA_KA_Frei.csv
458.0,1897.0,74.16666666666667,83.5,41.098333333333336,18.0,195.66666666666666,48.96666666666666,49.6,2017-07-14_Seat_Leon_KA_KA_Frei.csv
459.0,1958.909090909091,75.81818181818181,83.5,65.23545454545454,18.0,209.54545454545453,51.76363636363636,52.06363636363637,2017-07-14_Seat_Leon_KA_KA_Frei.csv
460.0,2014.4545454545455,78.72727272727273,78.76363636363637,60.66818181818181,18.0,212.8181818181818,52.25454545454546,52.3909090909091,2017-07-14_Seat_Leon_KA_KA_Frei.csv
461.0,1800.090909090909,79.0909090909091,40.6,33.28636363636363,18.0,142.27272727272728,20.745454545454546,32.56363636363636,2017-07-14_Seat_Leon_KA_KA_Frei.csv
462.0,1599.0,78.54545454545455,82.4090909090909,35.68636363636363,18.0,137.1818181818182,58.790909090909096,56.38181818181818,2017-07-14_Seat_Leon_KA_KA_Frei.csv
463.0,1631.3636363636363,80.27272727272727,83.5,50.97818181818182,18.0,208.0909090909091,63.35454545454545,64.15454545454546,2017-07-14_Seat_Leon_KA_KA_Frei.csv
464.0,1699.0,83.9090909090909,83.5,59.08363636363636,18.0,229.1818181818182,66.81818181818181,66.97272727272728,2017-07-14_Seat_Leon_KA_KA_Frei.csv
465.0,1771.0,87.45454545454545,83.5,62.92363636363636,18.0,233.0909090909091,68.34545454545454,68.30909090909091,2017-07-14_Seat_Leon_KA_KA_Frei.csv
466.0,1855.5454545454545,91.63636363636364,83.5,66.29454545454546,18.0,234.1818181818182,68.6,68.45454545454545,2017-07-14_Seat_Leon_KA_KA_Frei.csv
467.0,1863.0,95.0,47.28181818181818,39.695454545454545,18.0,200.9090909090909,39.96363636363636,49.33636363636364,2017-07-14_Seat_Leon_KA_KA_Frei.csv
468.0,1599.8181818181818,95.0,71.58181818181818,26.257272727272724,18.0,119.0909090909091,33.28181818181818,35.86363636363637,2017-07-14_Seat_Leon_KA_KA_Frei.csv
469.0,1597.3,95.0,35.540000000000006,24.66,18.0,123.0,22.8,26.1,2017-07-14_Seat_Leon_KA_KA_Frei.csv
470.0,1605.8333333333333,95.0,78.75833333333333,20.31,18.0,113.0,14.1,14.233333333333334,2017-07-14_Seat_Leon_KA_KA_Frei.csv
471.0,1607.5454545454545,95.0,83.5,16.926363636363636,18.0,121.0,14.1,14.427272727272726,2017-07-14_Seat_Leon_KA_KA_Frei.csv
472.0,1609.909090909091,95.0,83.5,17.566363636363636,18.0,120.27272727272727,14.1,14.136363636363637,2017-07-14_Seat_Leon_KA_KA_Frei.csv
473.0,1614.6363636363637,95.63636363636364,83.5,19.819090909090907,18.0,129.8181818181818,14.1,14.5,2017-07-14_Seat_Leon_KA_KA_Frei.csv
474.0,1622.4,96.0,83.5,21.645,18.0,141.0,14.1,14.5,2017-07-14_Seat_Leon_KA_KA_Frei.csv
475.0,1633.8181818181818,96.72727272727273,83.5,22.096363636363638,18.0,139.27272727272728,14.1,14.5,2017-07-14_Seat_Leon_KA_KA_Frei.csv
476.0,1644.2,97.0,83.5,22.16,18.0,138.2,14.1,14.34,2017-07-14_Seat_Leon_KA_KA_Frei.csv
477.0,1653.8181818181818,98.0,83.5,20.278181818181817,18.0,134.45454545454547,14.1,14.281818181818181,2017-07-14_Seat_Leon_KA_KA_Frei.csv
478.0,1655.0,98.0,83.5,20.474999999999998,18.0,133.0,14.1,14.5,2017-07-14_Seat_Leon_KA_KA_Frei.csv
479.0,1659.0,98.6,83.5,23.55,18.0,133.0,14.1,14.5,2017-07-14_Seat_Leon_KA_KA_Frei.csv
480.0,1659.0,99.0,83.5,23.55,18.0,135.2,14.1,14.5,2017-07-14_Seat_Leon_KA_KA_Frei.csv
481.0,1675.0,99.0,83.5,25.692,18.0,145.4,14.1,14.5,2017-07-14_Seat_Leon_KA_KA_Frei.csv
482.0,1675.0,99.0,83.5,26.586666666666662,18.0,151.0,14.1,14.5,2017-07-14_Seat_Leon_KA_KA_Frei.csv
483.0,1677.0,99.0,83.5,26.187,18.0,149.5,14.1,14.219999999999999,2017-07-14_Seat_Leon_KA_KA_Frei.csv
484.0,1681.0,99.4,83.5,26.856,18.0,150.4,14.1,14.38,2017-07-14_Seat_Leon_KA_KA_Frei.csv
485.0,1678.4444444444443,99.22222222222223,83.5,22.711111111111112,18.0,133.0,14.1,14.5,2017-07-14_Seat_Leon_KA_KA_Frei.csv
486.0,1671.4545454545455,99.0,83.5,19.68,18.0,127.54545454545455,14.1,14.5,2017-07-14_Seat_Leon_KA_KA_Frei.csv
487.0,1641.888888888889,97.44444444444444,83.5,19.88,18.0,115.88888888888889,14.1,14.5,2017-07-14_Seat_Leon_KA_KA_Frei.csv
488.0,1606.4545454545455,94.81818181818181,83.5,16.901818181818182,18.0,119.0,14.1,14.5,2017-07-14_Seat_Leon_KA_KA_Frei.csv
489.0,1566.090909090909,92.45454545454545,83.5,15.735454545454546,18.0,118.54545454545455,14.1,14.5,2017-07-14_Seat_Leon_KA_KA_Frei.csv
490.0,1529.7272727272727,90.27272727272727,83.5,15.053636363636365,18.0,116.9090909090909,14.1,14.5,2017-07-14_Seat_Leon_KA_KA_Frei.csv
491.0,1500.8181818181818,88.54545454545455,83.5,14.287272727272727,18.0,114.0909090909091,14.1,14.5,2017-07-14_Seat_Leon_KA_KA_Frei.csv
492.0,1483.8181818181818,87.45454545454545,83.5,14.607272727272727,18.0,115.18181818181819,14.1,14.5,2017-07-14_Seat_Leon_KA_KA_Frei.csv
493.0,1471.4545454545455,87.0,83.5,16.134545454545457,18.0,122.54545454545455,14.1,14.5,2017-07-14_Seat_Leon_KA_KA_Frei.csv
494.0,1466.5454545454545,87.0,83.5,16.576363636363638,18.0,124.9090909090909,14.1,14.5,2017-07-14_Seat_Leon_KA_KA_Frei.csv
495.0,1460.5454545454545,86.18181818181819,83.5,16.88090909090909,18.0,126.18181818181819,14.1,14.5,2017-07-14_Seat_Leon_KA_KA_Frei.csv
496.0,1461.4545454545455,86.9090909090909,83.5,16.509999999999998,18.0,126.36363636363636,14.1,14.5,2017-07-14_Seat_Leon_KA_KA_Frei.csv
497.0,1451.75,85.83333333333333,83.5,14.846666666666666,18.0,116.33333333333333,14.1,14.5,2017-07-14_Seat_Leon_KA_KA_Frei.csv
498.0,1433.4444444444443,84.55555555555556,83.5,12.395555555555555,18.0,111.0,14.1,14.5,2017-07-14_Seat_Leon_KA_KA_Frei.csv
499.0,1414.0,83.5,83.5,13.147,18.0,111.0,14.1,14.5,2017-07-14_Seat_Leon_KA_KA_Frei.csv
500.0,1383.6363636363637,81.9090909090909,83.5,13.47,18.0,111.72727272727273,14.1,14.5,2017-07-14_Seat_Leon_KA_KA_Frei.csv
501.0,1342.6,79.2,83.5,13.190000000000001,18.0,112.0,14.1,14.5,2017-07-14_Seat_Leon_KA_KA_Frei.csv
502.0,1276.25,76.0,83.5,9.4175,18.0,111.0,14.1,14.5,2017-07-14_Seat_Leon_KA_KA_Frei.csv
503.0,900.0,74.0,83.5,8.700000000000001,18.0,108.0,14.1,14.5,2017-07-14_Seat_Leon_KA_KA_Frei.csv
504.0,900.0,74.0,83.5,18.606,18.0,108.0,14.1,14.5,2017-07-14_Seat_Leon_KA_KA_Frei.csv
505.0,900.0,68.0,83.5,17.55,18.0,108.0,14.1,14.5,2017-07-14_Seat_Leon_KA_KA_Frei.csv
506.0,1556.0,68.0,83.5,17.05,18.0,108.0,14.1,14.5,2017-07-14_Seat_Leon_KA_KA_Frei.csv
507.0,1718.909090909091,67.54545454545455,83.5,16.414545454545454,18.0,110.54545454545455,14.1,14.5,2017-07-14_Seat_Leon_KA_KA_Frei.csv
508.0,1713.5454545454545,67.0,83.5,16.538181818181815,18.0,115.63636363636364,14.1,14.5,2017-07-14_Seat_Leon_KA_KA_Frei.csv
509.0,1710.2727272727273,67.0,83.5,16.447272727272725,18.0,118.63636363636364,14.1,14.5,2017-07-14_Seat_Leon_KA_KA_Frei.csv
510.0,1710.0,67.0,83.5,16.796363636363637,18.0,119.9090909090909,14.1,14.5,2017-07-14_Seat_Leon_KA_KA_Frei.csv
511.0,1710.909090909091,67.0,83.5,16.89181818181818,18.0,120.0,14.1,14.5,2017-07-14_Seat_Leon_KA_KA_Frei.csv
512.0,1712.3636363636363,67.0,83.5,16.91,18.0,120.0,14.1,14.354545454545455,2017-07-14_Seat_Leon_KA_KA_Frei.csv
513.0,1716.0,67.0,83.5,17.114545454545453,18.0,120.0,14.1,14.281818181818181,2017-07-14_Seat_Leon_KA_KA_Frei.csv
514.0,1716.8181818181818,67.0,83.5,17.187272727272727,18.0,120.0,14.1,14.5,2017-07-14_Seat_Leon_KA_KA_Frei.csv
515.0,1718.7,67.0,83.5,17.147,18.0,120.4,14.1,14.5,2017-07-14_Seat_Leon_KA_KA_Frei.csv
516.0,1718.0,67.0,83.5,17.303,18.0,121.0,14.1,14.5,2017-07-14_Seat_Leon_KA_KA_Frei.csv
517.0,1710.2727272727273,66.63636363636364,83.5,17.188181818181818,18.0,118.27272727272727,14.1,14.5,2017-07-14_Seat_Leon_KA_KA_Frei.csv
518.0,1684.6363636363637,65.54545454545455,83.5,16.541818181818183,18.0,116.63636363636364,14.1,14.5,2017-07-14_Seat_Leon_KA_KA_Frei.csv
519.0,1646.8181818181818,63.90909090909091,83.5,16.45090909090909,18.0,117.72727272727273,14.1,14.5,2017-07-14_Seat_Leon_KA_KA_Frei.csv
520.0,1606.8181818181818,62.36363636363637,83.5,15.975454545454545,18.0,117.18181818181819,14.1,14.5,2017-07-14_Seat_Leon_KA_KA_Frei.csv
521.0,1566.7272727272727,61.27272727272727,83.5,15.31,18.0,116.0909090909091,14.1,14.5,2017-07-14_Seat_Leon_KA_KA_Frei.csv
522.0,1532.7272727272727,59.36363636363637,83.5,15.033636363636363,18.0,114.63636363636364,14.1,14.5,2017-07-14_Seat_Leon_KA_KA_Frei.csv
523.0,1508.4545454545455,59.0,83.5,13.89909090909091,18.0,110.27272727272727,14.1,14.5,2017-07-14_Seat_Leon_KA_KA_Frei.csv
524.0,1491.3636363636363,58.0,83.5,13.4,18.0,107.81818181818181,14.1,14.5,2017-07-14_Seat_Leon_KA_KA_Frei.csv
525.0,1481.8181818181818,57.81818181818182,83.5,13.461818181818183,18.0,111.0909090909091,14.1,14.5,2017-07-14_Seat_Leon_KA_KA_Frei.csv
526.0,1473.8181818181818,57.0,83.5,14.030909090909091,18.0,113.45454545454545,14.1,14.5,2017-07-14_Seat_Leon_KA_KA_Frei.csv
527.0,1465.0,57.0,83.5,14.425454545454546,18.0,115.0909090909091,14.1,14.5,2017-07-14_Seat_Leon_KA_KA_Frei.csv
528.0,1455.1818181818182,56.54545454545455,83.5,14.752727272727272,18.0,117.27272727272727,14.1,14.5,2017-07-14_Seat_Leon_KA_KA_Frei.csv
529.0,1448.4,56.0,83.5,15.931999999999999,18.0,120.1,14.1,14.5,2017-07-14_Seat_Leon_KA_KA_Frei.csv
530.0,1446.0,56.0,83.5,16.59,18.0,124.0,14.1,14.5,2017-07-14_Seat_Leon_KA_KA_Frei.csv
531.0,1446.0,56.0,83.5,17.167272727272724,18.0,125.9090909090909,14.1,14.5,2017-07-14_Seat_Leon_KA_KA_Frei.csv
532.0,1449.6363636363637,56.0,83.5,17.297272727272727,18.0,126.0,14.1,14.5,2017-07-14_Seat_Leon_KA_KA_Frei.csv
533.0,1453.7272727272727,56.90909090909091,83.5,17.126363636363635,18.0,126.0,14.1,14.5,2017-07-14_Seat_Leon_KA_KA_Frei.csv
534.0,1461.5454545454545,57.0,83.5,17.00090909090909,18.0,125.72727272727273,14.1,14.5,2017-07-14_Seat_Leon_KA_KA_Frei.csv
535.0,1466.1818181818182,57.0,83.5,17.017272727272726,18.0,124.63636363636364,14.1,14.5,2017-07-14_Seat_Leon_KA_KA_Frei.csv
536.0,1474.909090909091,57.27272727272727,83.5,16.924545454545452,18.0,123.54545454545455,14.1,14.5,2017-07-14_Seat_Leon_KA_KA_Frei.csv
537.0,1481.8181818181818,58.0,83.5,16.408181818181816,18.0,121.9090909090909,14.1,14.5,2017-07-14_Seat_Leon_KA_KA_Frei.csv
538.0,1488.3636363636363,58.0,83.5,16.05636363636364,18.0,120.36363636363636,14.1,14.172727272727274,2017-07-14_Seat_Leon_KA_KA_Frei.csv
539.0,1493.2727272727273,58.0,83.5,15.685454545454546,18.0,118.54545454545455,14.1,14.463636363636363,2017-07-14_Seat_Leon_KA_KA_Frei.csv
540.0,1495.4545454545455,58.0,83.5,15.343636363636364,18.0,116.36363636363636,14.1,14.5,2017-07-14_Seat_Leon_KA_KA_Frei.csv
541.0,1495.1818181818182,58.0,83.5,15.147272727272728,18.0,116.0,14.1,14.5,2017-07-14_Seat_Leon_KA_KA_Frei.csv
542.0,1497.7272727272727,58.0,83.5,15.19818181818182,18.0,115.9090909090909,14.1,14.5,2017-07-14_Seat_Leon_KA_KA_Frei.csv
543.0,1501.0,58.0,83.5,14.878181818181817,18.0,115.0,14.1,14.5,2017-07-14_Seat_Leon_KA_KA_Frei.csv
544.0,1501.1818181818182,58.09090909090909,83.5,14.531818181818181,18.0,114.72727272727273,14.1,14.5,2017-07-14_Seat_Leon_KA_KA_Frei.csv
545.0,1501.7272727272727,58.81818181818182,83.5,13.762727272727272,18.0,113.63636363636364,14.1,14.5,2017-07-14_Seat_Leon_KA_KA_Frei.csv
546.0,1500.2727272727273,58.0,83.5,13.840000000000002,18.0,112.54545454545455,14.1,14.5,2017-07-14_Seat_Leon_KA_KA_Frei.csv
547.0,1497.8,58.0,83.5,13.912,18.0,112.0,14.1,14.5,2017-07-14_Seat_Leon_KA_KA_Frei.csv
548.0,1492.5714285714287,58.0,83.5,13.68142857142857,18.0,112.0,14.1,14.5,2017-07-14_Seat_Leon_KA_KA_Frei.csv
549.0,1487.3846153846155,58.0,83.5,13.787692307692309,18.0,112.0,14.099999999999998,14.5,2017-07-14_Seat_Leon_KA_KA_Frei.csv
550.0,1485.3846153846155,58.0,83.5,13.943846153846154,18.0,112.38461538461539,14.099999999999998,14.5,2017-07-14_Seat_Leon_KA_KA_Frei.csv
551.0,1480.5714285714287,58.0,83.5,13.959999999999999,18.0,113.0,14.1,14.5,2017-07-14_Seat_Leon_KA_KA_Frei.csv
552.0,1477.1666666666667,58.0,83.5,14.114166666666668,18.0,113.91666666666667,14.1,14.5,2017-07-14_Seat_Leon_KA_KA_Frei.csv
553.0,1477.5384615384614,57.84615384615385,83.5,14.052307692307693,18.0,114.0,14.099999999999998,14.5,2017-07-14_Seat_Leon_KA_KA_Frei.csv
554.0,1476.5,57.0,83.5,14.22857142857143,18.0,114.0,14.1,14.5,2017-07-14_Seat_Leon_KA_KA_Frei.csv
555.0,1472.5,57.0,83.5,14.090000000000002,18.0,114.0,14.1,14.5,2017-07-14_Seat_Leon_KA_KA_Frei.csv
556.0,1470.6923076923076,57.0,83.5,14.150769230769232,18.0,113.76923076923077,14.099999999999998,14.5,2017-07-14_Seat_Leon_KA_KA_Frei.csv
557.0,1473.5714285714287,57.0,83.5,14.177857142857144,18.0,113.5,14.1,14.5,2017-07-14_Seat_Leon_KA_KA_Frei.csv
558.0,1475.076923076923,57.0,83.5,14.373076923076923,18.0,114.0,14.099999999999998,14.5,2017-07-14_Seat_Leon_KA_KA_Frei.csv
559.0,1476.0,57.76923076923077,83.5,14.426923076923078,18.0,113.76923076923077,14.099999999999998,14.5,2017-07-14_Seat_Leon_KA_KA_Frei.csv
560.0,1471.0,57.0,83.5,14.345714285714285,18.0,113.5,14.1,14.5,2017-07-14_Seat_Leon_KA_KA_Frei.csv
561.0,1472.3846153846155,57.0,83.5,14.32846153846154,18.0,114.0,14.192307692307692,14.5,2017-07-14_Seat_Leon_KA_KA_Frei.csv
562.0,1475.6153846153845,57.0,83.5,14.455384615384615,18.0,114.0,14.315384615384614,14.5,2017-07-14_Seat_Leon_KA_KA_Frei.csv
563.0,1475.4285714285713,57.0,83.5,14.47642857142857,18.0,113.5,14.1,14.5,2017-07-14_Seat_Leon_KA_KA_Frei.csv
564.0,1476.6923076923076,57.0,83.5,14.517692307692307,18.0,113.0,14.099999999999998,14.5,2017-07-14_Seat_Leon_KA_KA_Frei.csv
565.0,1476.2307692307693,57.07692307692308,83.5,14.465384615384616,18.0,113.76923076923077,14.099999999999998,14.5,2017-07-14_Seat_Leon_KA_KA_Frei.csv
566.0,1476.142857142857,57.642857142857146,83.5,14.422857142857142,18.0,113.5,14.1,14.5,2017-07-14_Seat_Leon_KA_KA_Frei.csv
567.0,1477.076923076923,57.0,83.5,14.545384615384616,18.0,113.23076923076923,14.099999999999998,14.192307692307692,2017-07-14_Seat_Leon_KA_KA_Frei.csv
568.0,1479.6923076923076,57.07692307692308,83.5,14.44923076923077,18.0,114.0,14.099999999999998,14.5,2017-07-14_Seat_Leon_KA_KA_Frei.csv
569.0,1480.5714285714287,57.642857142857146,83.5,14.322857142857144,18.0,114.0,14.1,14.242857142857144,2017-07-14_Seat_Leon_KA_KA_Frei.csv
570.0,1476.0,57.0,83.5,14.360000000000001,18.0,114.11111111111111,14.1,14.455555555555556,2017-07-14_Seat_Leon_KA_KA_Frei.csv
571.0,1465.0,57.0,83.5,14.032727272727273,18.0,115.36363636363636,14.1,14.5,2017-07-14_Seat_Leon_KA_KA_Frei.csv
572.0,1465.0,57.0,83.5,14.676666666666668,18.0,116.0,14.1,14.5,2017-07-14_Seat_Leon_KA_KA_Frei.csv
573.0,1465.0,57.0,83.5,14.63,18.0,116.0,14.1,14.5,2017-07-14_Seat_Leon_KA_KA_Frei.csv
574.0,1476.5555555555557,57.77777777777778,83.5,14.785555555555554,18.0,116.0,14.1,14.5,2017-07-14_Seat_Leon_KA_KA_Frei.csv
575.0,1486.3,58.0,83.5,14.91,18.0,115.2,14.1,14.5,2017-07-14_Seat_Leon_KA_KA_Frei.csv
576.0,1487.7272727272727,58.0,83.5,14.116363636363637,18.0,111.72727272727273,14.1,14.5,2017-07-14_Seat_Leon_KA_KA_Frei.csv
577.0,1482.8181818181818,58.0,83.5,13.685454545454546,18.0,110.63636363636364,14.1,14.281818181818181,2017-07-14_Seat_Leon_KA_KA_Frei.csv
578.0,1484.2,58.0,83.5,13.655000000000001,18.0,110.0,14.1,14.38,2017-07-14_Seat_Leon_KA_KA_Frei.csv
579.0,1483.909090909091,58.0,83.5,13.624545454545455,18.0,110.0,14.1,14.5,2017-07-14_Seat_Leon_KA_KA_Frei.csv
580.0,1483.0,58.0,83.5,13.690000000000001,18.0,110.0,14.1,14.5,2017-07-14_Seat_Leon_KA_KA_Frei.csv
581.0,1481.0,57.0,83.5,13.75,18.0,110.125,14.1,14.5,2017-07-14_Seat_Leon_KA_KA_Frei.csv
582.0,1476.0,57.9,83.5,13.749,18.0,111.0,14.1,14.5,2017-07-14_Seat_Leon_KA_KA_Frei.csv
583.0,1477.0,58.0,83.5,13.833333333333334,18.0,111.0,14.1,14.5,2017-07-14_Seat_Leon_KA_KA_Frei.csv
584.0,1478.0,57.625,83.5,13.838750000000001,18.0,111.0,14.1,14.5,2017-07-14_Seat_Leon_KA_KA_Frei.csv
585.0,1478.7142857142858,57.0,83.5,13.55,18.0,111.0,14.1,14.5,2017-07-14_Seat_Leon_KA_KA_Frei.csv
586.0,1478.0,57.875,83.5,13.668750000000001,18.0,111.0,14.1,14.5,2017-07-14_Seat_Leon_KA_KA_Frei.csv
587.0,1478.0,58.0,83.5,13.74,18.0,110.75,14.1,14.5,2017-07-14_Seat_Leon_KA_KA_Frei.csv
588.0,1482.5,58.0,83.5,13.7,18.0,110.0,14.1,14.5,2017-07-14_Seat_Leon_KA_KA_Frei.csv
589.0,1484.0,58.0,83.5,13.506666666666666,18.0,110.0,14.1,14.5,2017-07-14_Seat_Leon_KA_KA_Frei.csv
590.0,1484.0,58.0,83.5,13.36,18.0,109.66666666666667,14.1,14.5,2017-07-14_Seat_Leon_KA_KA_Frei.csv
591.0,1482.0,58.0,83.5,13.36,18.0,109.0,14.1,14.5,2017-07-14_Seat_Leon_KA_KA_Frei.csv
612.0,1481.0,58.0,83.5,13.36,18.0,106.5,14.1,14.5,2017-07-14_Seat_Leon_KA_KA_Frei.csv
620.0,1481.0,58.0,83.5,13.36,18.0,104.0,14.1,14.5,2017-07-14_Seat_Leon_KA_KA_Frei.csv
622.0,1481.0,58.0,83.5,13.36,18.0,104.0,14.1,14.5,2017-07-14_Seat_Leon_KA_KA_Frei.csv
659.0,1481.0,58.0,83.5,18.16,18.0,104.0,14.1,14.5,2017-07-14_Seat_Leon_KA_KA_Frei.csv
663.0,1481.0,32.0,83.5,18.16,18.0,104.0,14.1,14.5,2017-07-14_Seat_Leon_KA_KA_Frei.csv
668.0,1481.0,32.0,83.5,18.16,18.0,104.0,14.1,14.5,2017-07-14_Seat_Leon_KA_KA_Frei.csv
730.0,1535.0,32.0,83.5,18.16,18.0,104.0,14.1,14.5,2017-07-14_Seat_Leon_KA_KA_Frei.csv
